,gene,freq
1,QKI,12
2,ZBTB20,11
3,BCL2L11,10
4,DENND1B,10
5,NUFIP2,10
6,TBL1XR1,10
7,TNRC6B,10
8,BRWD1,9
9,CPEB2,9
10,EPC1,9
11,GAREM1,9
12,INO80D,9
13,MAPK8,9
14,OTUD4,9
15,TP53INP1,9
16,UBN2,9
17,ZBTB18,9
18,ZNF704,9
19,AFF4,8
20,AGO1,8
21,CCNT2,8
22,CPEB3,8
23,E2F7,8
24,GALNT7,8
25,HIPK3,8
26,JARID2,8
27,KCNK10,8
28,KLF7,8
29,MAP3K20,8
30,NACC2,8
31,NFATC3,8
32,NFIA,8
33,RAP2C,8
34,RICTOR,8
35,RORA,8
36,SCAI,8
37,SCN3A,8
38,SCN8A,8
39,SIX4,8
40,SOGA1,8
41,ZMAT3,8
42,AAK1,7
43,ACVR2B,7
44,ADAMTS6,7
45,ATXN1,7
46,BRWD3,7
47,BTAF1,7
48,CCDC6,7
49,CDK6,7
50,CFL2,7
51,CHIC1,7
52,CLOCK,7
53,CMTM4,7
54,CUX1,7
55,DCUN1D1,7
56,DLGAP1,7
57,DYNC1LI2,7
58,FAM91A1,7
59,FAT3,7
60,FBXL20,7
61,FRS2,7
62,GNAQ,7
63,GPATCH2L,7
64,IFFO2,7
65,ITPR1,7
66,LCOR,7
67,LDLRAD4,7
68,LRP2,7
69,LRP6,7
70,MAP3K9,7
71,MAPK1,7
72,MBNL3,7
73,NEUROD1,7
74,NEXMIF,7
75,NF1,7
76,NFAT5,7
77,NFATC2,7
78,PCGF5,7
79,PHIP,7
80,PPFIA2,7
81,PRKG1,7
82,PTEN,7
83,RAD23B,7
84,REEP1,7
85,REEP3,7
86,RUNX1T1,7
87,SEC24A,7
88,SNIP1,7
89,SPEN,7
90,TCIM,7
91,TET2,7
92,TRAF3,7
93,TSC1,7
94,USP44,7
95,WNK3,7
96,ZDHHC21,7
97,ZFHX3,7
98,ZNF609,7
99,ACSL4,6
100,ADAM10,6
101,ADAMTS3,6
102,AEBP2,6
103,AKT3,6
104,AMMECR1L,6
105,ARID1A,6
106,ATXN1L,6
107,BACH2,6
108,BBX,6
109,BCL11B,6
110,BMT2,6
111,C21orf91,6
112,C8orf44-SGK3,6
113,C9orf72,6
114,CACNB4,6
115,CADM2,6
116,CALU,6
117,CAPRIN1,6
118,CBX6,6
119,CCNJ,6
120,CCSER2,6
121,CD2AP,6
122,CDK19,6
123,CEP350,6
124,CHST1,6
125,CLCN5,6
126,DCLK1,6
127,DDX3X,6
128,DDX3Y,6
129,DENND6A,6
130,DGKH,6
131,DIP2C,6
132,DMXL2,6
133,DOLPP1,6
134,ELAVL4,6
135,ELL2,6
136,EML1,6
137,EML4,6
138,FAM126B,6
139,FBXO28,6
140,FERMT2,6
141,FXR1,6
142,FZD6,6
143,G3BP2,6
144,GJA1,6
145,GOLGA1,6
146,GOLGA4,6
147,GRB10,6
148,HIPK2,6
149,HS3ST5,6
150,IGF2R,6
151,IKZF2,6
152,IRS1,6
153,ITGB8,6
154,KBTBD8,6
155,KCNC2,6
156,KIF5B,6
157,KLF12,6
158,KMT2A,6
159,KMT5B,6
160,LAMC1,6
161,LAMP2,6
162,LCORL,6
163,LGI2,6
164,MAP3K2,6
165,MAP3K21,6
166,MARCH6,6
167,MBTPS2,6
168,MED13,6
169,MEX3C,6
170,MFSD6,6
171,MIER3,6
172,MMD,6
173,MYLK4,6
174,MYO5A,6
175,NAA15,6
176,NAV3,6
177,NFIB,6
178,NOVA1,6
179,NTRK2,6
180,ONECUT2,6
181,OTUD3,6
182,PALM2,6
183,PCDH17,6
184,PDIK1L,6
185,PEX5L,6
186,PFN2,6
187,PHACTR2,6
188,PHTF2,6
189,PIK3CB,6
190,PIK3R1,6
191,PITPNM2,6
192,PLAG1,6
193,PLXNA4,6
194,PNISR,6
195,PPARGC1B,6
196,PPP1R2,6
197,PRKAA1,6
198,PRKAR2A,6
199,PSMD7,6
200,PTPN4,6
201,PTPRD,6
202,PTPRJ,6
203,RAB23,6
204,RAB30,6
205,RALGPS1,6
206,RAPH1,6
207,RASA1,6
208,RFX3,6
209,RFX7,6
210,RIC1,6
211,RIMBP2,6
212,RNF217,6
213,ROBO2,6
214,RUNX2,6
215,SAMD4A,6
216,SAMD8,6
217,SCN2A,6
218,SEL1L3,6
219,SEMA6D,6
220,SESTD1,6
221,SETD7,6
222,SGK1,6
223,SGK3,6
224,SH3PXD2A,6
225,SKI,6
226,SLC38A2,6
227,SLC39A10,6
228,SLC4A7,6
229,SNTB2,6
230,SOCS6,6
231,STIM2,6
232,STOX2,6
233,STX16,6
234,SYNPO2,6
235,TAB3,6
236,TAOK1,6
237,TCF4,6
238,TET3,6
239,TMCC1,6
240,TMEM170B,6
241,TMEM245,6
242,TOGARAM1,6
243,TRIM9,6
244,UNC5D,6
245,USP31,6
246,USP38,6
247,WWP1,6
248,ZBTB10,6
249,ZBTB34,6
250,ZBTB39,6
251,ZBTB46,6
252,ZCCHC2,6
253,ZMYM2,6
254,ZNF264,6
255,ZNF521,6
256,ZNF827,6
257,ABCG4,5
258,ABHD13,5
259,ABHD5,5
260,ACTR1A,5
261,ADAM19,5
262,AGO4,5
263,AK4,5
264,ANKIB1,5
265,AP1G1,5
266,ARID4B,5
267,ARMC8,5
268,ARPP19,5
269,ASB7,5
270,ATG14,5
271,ATP2A2,5
272,ATP2B2,5
273,ATP8A1,5
274,ATRN,5
275,AZIN1,5
276,BACE1,5
277,BAHD1,5
278,BCL9,5
279,BEND4,5
280,BMPR2,5
281,BNC2,5
282,BTBD7,5
283,BTG1,5
284,C16orf72,5
285,C5orf24,5
286,CAMSAP2,5
287,CAMTA1,5
288,CAND1,5
289,CARNMT1,5
290,CBFB,5
291,CBL,5
292,CBLB,5
293,CBX2,5
294,CCDC88A,5
295,CCNJL,5
296,CD80,5
297,CDC37L1,5
298,CDKL5,5
299,CEP55,5
300,CGGBP1,5
301,CHD2,5
302,CHD9,5
303,CNOT6L,5
304,COL19A1,5
305,COL4A3BP,5
306,CPEB1,5
307,CPNE8,5
308,CPSF6,5
309,CREBRF,5
310,CRISPLD1,5
311,CSF1,5
312,CSMD1,5
313,DAAM1,5
314,DCAF8,5
315,DCP1A,5
316,DDIT4,5
317,DICER1,5
318,DLG5,5
319,DPP8,5
320,DSEL,5
321,DSTYK,5
322,DYNLT3,5
323,DYRK2,5
324,ELAVL2,5
325,ELK4,5
326,ENTPD1,5
327,EPHB2,5
328,ETNK1,5
329,FAM160B1,5
330,FAM214A,5
331,FAM43A,5
332,FBXO33,5
333,FBXW7,5
334,FOXO3,5
335,FRYL,5
336,FUT9,5
337,GATAD2B,5
338,GLCE,5
339,GMNC,5
340,GRIN2A,5
341,HAS2,5
342,HBP1,5
343,HBS1L,5
344,HELZ,5
345,HPCAL4,5
346,ING2,5
347,ING3,5
348,INSIG1,5
349,ITGA6,5
350,ITPRIPL2,5
351,JAKMIP2,5
352,KALRN,5
353,KCNA4,5
354,KCNMA1,5
355,KDM5A,5
356,KIAA0355,5
357,KLHL28,5
358,KPNA3,5
359,LATS2,5
360,LIN28B,5
361,LMLN,5
362,LRRTM2,5
363,LUZP1,5
364,MAFK,5
365,MAP3K13,5
366,MARCH4,5
367,MARK1,5
368,MAST4,5
369,MBNL2,5
370,MDM4,5
371,MECP2,5
372,MED12L,5
373,MEF2A,5
374,MEOX2,5
375,MFHAS1,5
376,MIA3,5
377,MIB1,5
378,MICAL2,5
379,MIER1,5
380,MLLT6,5
381,MTDH,5
382,MTF2,5
383,MTMR3,5
384,MYB,5
385,MYCL,5
386,NAA25,5
387,NCKAP5,5
388,NECAP1,5
389,NECTIN1,5
390,NFIC,5
391,NOL4L,5
392,NPAS3,5
393,NRBP1,5
394,NRP2,5
395,NSD1,5
396,NSG1,5
397,NUCKS1,5
398,OCRL,5
399,OXR1,5
400,PCDHA1,5
401,PCDHA10,5
402,PCDHA11,5
403,PCDHA12,5
404,PCDHA13,5
405,PCDHA2,5
406,PCDHA3,5
407,PCDHA4,5
408,PCDHA5,5
409,PCDHA6,5
410,PCDHA7,5
411,PCDHA8,5
412,PCDHA9,5
413,PCDHAC1,5
414,PCDHAC2,5
415,PCNX1,5
416,PDE4D,5
417,PDE7A,5
418,PDK3,5
419,PDS5B,5
420,PEAK1,5
421,PGM2L1,5
422,PHF13,5
423,PHF20,5
424,PHF3,5
425,PHF6,5
426,PLCB1,5
427,PLEKHA1,5
428,PLPPR4,5
429,PLXNC1,5
430,POU2F1,5
431,PPM1A,5
432,PPM1D,5
433,PPM1E,5
434,PPP1R12A,5
435,PPP6C,5
436,PPP6R3,5
437,PPTC7,5
438,PRDM11,5
439,PSD3,5
440,PSMF1,5
441,PTBP3,5
442,PTCH1,5
443,PTPRK,5
444,PURA,5
445,RAB14,5
446,RAB4B,5
447,RAI14,5
448,RAP1B,5
449,RAP2B,5
450,RAPGEFL1,5
451,RARB,5
452,RASGEF1B,5
453,RBM12,5
454,RBMS1,5
455,RBPJ,5
456,RC3H1,5
457,RCOR1,5
458,RLIM,5
459,RNF213,5
460,RNF44,5
461,ROR1,5
462,RPS6KA3,5
463,RYBP,5
464,SALL1,5
465,SAP30L,5
466,SBNO1,5
467,SCN9A,5
468,SCUBE3,5
469,SEPT11,5
470,SESN3,5
471,SETD5,5
472,SGMS2,5
473,SIDT2,5
474,SKIL,5
475,SLC11A2,5
476,SLC1A2,5
477,SLC36A1,5
478,SLC4A4,5
479,SLC7A6,5
480,SMARCA2,5
481,SMURF1,5
482,SNAI1,5
483,SNRK,5
484,SOCS5,5
485,SOX4,5
486,SOX6,5
487,SPIRE1,5
488,SPRED1,5
489,SPTY2D1,5
490,ST6GAL2,5
491,STAG2,5
492,STC1,5
493,STIMATE,5
494,STRN3,5
495,SV2C,5
496,SYT4,5
497,TDG,5
498,TEAD1,5
499,TENT5A,5
500,TGFBR3,5
501,TMEFF1,5
502,TNIK,5
503,TNRC6C,5
504,TULP4,5
505,UBAC1,5
506,UBE2D3,5
507,UBE2J1,5
508,UBE2K,5
509,UBE2V1,5
510,UBN1,5
511,UHMK1,5
512,UNC13A,5
513,UNC5C,5
514,USP49,5
515,VKORC1L1,5
516,WASL,5
517,WDR26,5
518,WEE1,5
519,XPO4,5
520,XPR1,5
521,ZBTB41,5
522,ZBTB7A,5
523,ZC3H12C,5
524,ZCCHC3,5
525,ZDHHC23,5
526,ZEB2,5
527,ZFYVE26,5
528,ZHX1,5
529,ZNF217,5
530,ZNF518A,5
531,ZNF644,5
532,ZNRF2,5
533,ABCA1,4
534,ABCB5,4
535,ABCC5,4
536,ABL2,4
537,ABTB2,4
538,ACVR2A,4
539,ADAM12,4
540,ADAMTS5,4
541,ADAMTSL3,4
542,ADGRA2,4
543,ADO,4
544,ADRB1,4
545,ADSS,4
546,AFF1,4
547,AGO3,4
548,AKAP11,4
549,AMER1,4
550,AMMECR1,4
551,AMOT,4
552,AMOTL1,4
553,ANKRD13B,4
554,ANKRD13C,4
555,ANKRD28,4
556,ANO3,4
557,AP1S3,4
558,APP,4
559,APPL1,4
560,ARAP2,4
561,ARFIP1,4
562,ARHGAP12,4
563,ARHGAP32,4
564,ARID1B,4
565,ARID5B,4
566,ARIH1,4
567,ARRDC3,4
568,ARRDC4,4
569,ATAD2B,4
570,ATG16L1,4
571,ATG5,4
572,ATRX,4
573,ATXN7,4
574,AVL9,4
575,B3GNT5,4
576,B4GALT1,4
577,BCAT1,4
578,BCL11A,4
579,BCL2,4
580,BICD2,4
581,BPTF,4
582,BTG2,4
583,BTLA,4
584,C5orf30,4
585,CA8,4
586,CABLES2,4
587,CACNA1C,4
588,CACNB2,4
589,CACUL1,4
590,CASD1,4
591,CASK,4
592,CAST,4
593,CASTOR2,4
594,CASZ1,4
595,CC2D1B,4
596,CCND2,4
597,CCND3,4
598,CCNE2,4
599,CCSER1,4
600,CDC23,4
601,CDC42,4
602,CDHR1,4
603,CDK17,4
604,CDK8,4
605,CELSR3,4
606,CEP170,4
607,CEP85L,4
608,CHL1,4
609,CHORDC1,4
610,CLCN3,4
611,CLCN4,4
612,CLTC,4
613,CMPK1,4
614,CNOT4,4
615,CNOT6,4
616,CNR1,4
617,CNTN3,4
618,CNTNAP1,4
619,COL12A1,4
620,CPD,4
621,CPEB4,4
622,CREBL2,4
623,CRKL,4
624,CTDSPL,4
625,CUL2,4
626,CUL3,4
627,CXADR,4
628,CYB561,4
629,DACH1,4
630,DAZAP2,4
631,DCAF10,4
632,DCAF7,4
633,DCBLD2,4
634,DCN,4
635,DCP2,4
636,DCUN1D3,4
637,DCX,4
638,DDX6,4
639,DENND4A,4
640,DENR,4
641,DESI2,4
642,DIPK1A,4
643,DIPK2A,4
644,DIXDC1,4
645,DLG2,4
646,DLL1,4
647,DLL4,4
648,DNAJA2,4
649,DNAJB4,4
650,DNAJC16,4
651,DNAJC27,4
652,DNMT3A,4
653,DOCK4,4
654,DPYSL2,4
655,DPYSL5,4
656,DYRK1A,4
657,E2F3,4
658,EBF2,4
659,EBF3,4
660,EDC3,4
661,EDEM3,4
662,EFNA5,4
663,EFNB2,4
664,EIF5,4
665,EIF5A2,4
666,ELL,4
667,ELMOD2,4
668,ELMSAN1,4
669,ENPP4,4
670,EPB41L5,4
671,EPC2,4
672,EPG5,4
673,EPHA7,4
674,ERC2,4
675,ERLIN2,4
676,EVI5,4
677,EXOC5,4
678,EYA1,4
679,FAM110B,4
680,FAM135A,4
681,FAM49A,4
682,FAM81A,4
683,FARP1,4
684,FAXC,4
685,FBXO32,4
686,FEM1C,4
687,FGFR1,4
688,FMR1,4
689,FNDC3A,4
690,FNDC3B,4
691,FRMD6,4
692,FRMPD1,4
693,FRZB,4
694,FZD3,4
695,G0S2,4
696,GAB1,4
697,GALNT1,4
698,GFPT2,4
699,GFRA1,4
700,GID4,4
701,GIGYF2,4
702,GLCCI1,4
703,GNA12,4
704,GNAT1,4
705,GNPDA2,4
706,GOLT1B,4
707,GPATCH2,4
708,GPCPD1,4
709,GPR158,4
710,GPR180,4
711,GRAMD2B,4
712,GRIA2,4
713,GRM3,4
714,GRSF1,4
715,GSKIP,4
716,GTF2A1,4
717,GTF2H1,4
718,HCFC2,4
719,HECTD1,4
720,HECTD2,4
721,HECW1,4
722,HEPHL1,4
723,HERC3,4
724,HNRNPF,4
725,HOMER1,4
726,HOOK3,4
727,HS2ST1,4
728,HTR1F,4
729,IGF1R,4
730,IGSF3,4
731,IKBKB,4
732,IKZF1,4
733,IL6ST,4
734,ILDR2,4
735,IPO5,4
736,IPO7,4
737,IREB2,4
738,IRF2BP2,4
739,ITGA8,4
740,JOSD1,4
741,KCNQ5,4
742,KCTD1,4
743,KCTD8,4
744,KDM2A,4
745,KIAA0408,4
746,KIAA1147,4
747,KIAA2026,4
748,KIF13A,4
749,KIF1B,4
750,KIF5C,4
751,KL,4
752,KLHL15,4
753,KLHL3,4
754,KPNA1,4
755,LARP4,4
756,LATS1,4
757,LCLAT1,4
758,LIMCH1,4
759,LOX,4
760,LPGAT1,4
761,LPP,4
762,LRCH1,4
763,LRIG1,4
764,LRRC8B,4
765,LRRFIP2,4
766,LSM11,4
767,LYN,4
768,LYPLAL1,4
769,MAML1,4
770,MAP1B,4
771,MAP3K1,4
772,MAP3K4,4
773,MAP3K7,4
774,MAPRE1,4
775,MASP1,4
776,MBNL1,4
777,MCL1,4
778,ME1,4
779,MED26,4
780,MEX3B,4
781,MIGA1,4
782,MINDY2,4
783,MLXIP,4
784,MOCS3,4
785,MON2,4
786,MPP7,4
787,MRTFB,4
788,MSANTD3-TMEFF1,4
789,MSI2,4
790,MTCL1,4
791,MTF1,4
792,MTMR12,4
793,MTMR4,4
794,MXD1,4
795,MYBL1,4
796,N4BP2,4
797,NAV1,4
798,NCALD,4
799,NCOA3,4
800,NEBL,4
801,NECTIN3,4
802,NEFL,4
803,NHLH2,4
804,NIPA1,4
805,NLK,4
806,NR2C2,4
807,NR5A2,4
808,NR6A1,4
809,NRARP,4
810,NRK,4
811,ODAPH,4
812,OMG,4
813,ORC4,4
814,OSBPL6,4
815,PAFAH1B1,4
816,PAG1,4
817,PARVA,4
818,PAX3,4
819,PAXBP1,4
820,PCBP4,4
821,PCDH7,4
822,PCGF3,4
823,PCLO,4
824,PDE3B,4
825,PDE5A,4
826,PGR,4
827,PHF20L1,4
828,PI15,4
829,PIGA,4
830,PIK3CA,4
831,PIKFYVE,4
832,PIP4P2,4
833,PLAGL2,4
834,PLEKHB2,4
835,PLPP3,4
836,PLPP6,4
837,PLXDC2,4
838,PLXNA2,4
839,PON2,4
840,PPP2R5C,4
841,PRDM1,4
842,PRICKLE2,4
843,PRKAA2,4
844,PROSER1,4
845,PROX1,4
846,PRR11,4
847,PRR14L,4
848,PRRC2C,4
849,PRTG,4
850,PRUNE2,4
851,PSMA5,4
852,PTAR1,4
853,PTGFRN,4
854,PTP4A1,4
855,PTPN14,4
856,PURG,4
857,PXDN,4
858,RAB1A,4
859,RAB9B,4
860,RALA,4
861,RAP1A,4
862,RAPGEF4,4
863,RASEF,4
864,RBFOX2,4
865,RBM20,4
866,RCOR3,4
867,REPS2,4
868,REST,4
869,RGL1,4
870,RGS1,4
871,RGS8,4
872,RNF111,4
873,RNF165,4
874,RNF38,4
875,RPL22,4
876,RPS6KA5,4
877,RPS6KA6,4
878,RPS6KB1,4
879,RRAS2,4
880,RTN3,4
881,RTN4,4
882,RUNDC3B,4
883,SALL4,4
884,SAR1B,4
885,SATB2,4
886,SCML1,4
887,SCN1A,4
888,SEC22C,4
889,SEH1L,4
890,SEMA3A,4
891,SEMA6A,4
892,SEPT8,4
893,SERINC5,4
894,SESN1,4
895,SETD3,4
896,SFMBT1,4
897,SGCD,4
898,SH2B3,4
899,SH3TC2,4
900,SIK1,4
901,SIK1B,4
902,SINHCAF,4
903,SIRT1,4
904,SLAIN2,4
905,SLC12A2,4
906,SLC24A3,4
907,SLC25A36,4
908,SLC25A37,4
909,SLC38A7,4
910,SLC4A8,4
911,SLC6A4,4
912,SLC7A11,4
913,SLC9A6,4
914,SLC9A8,4
915,SMAD7,4
916,SMAP1,4
917,SMIM13,4
918,SNPH,4
919,SNX16,4
920,SNX18,4
921,SNX27,4
922,SON,4
923,SOS2,4
924,SOX11,4
925,SOX5,4
926,SOX9,4
927,SP4,4
928,SPAST,4
929,SPHK2,4
930,SRP72,4
931,SRPK1,4
932,SRPRA,4
933,SRSF10,4
934,SRSF7,4
935,ST8SIA3,4
936,ST8SIA4,4
937,STEAP2,4
938,STK35,4
939,STK39,4
940,STX17,4
941,STXBP5,4
942,SUZ12,4
943,SYN2,4
944,SYNJ1,4
945,SYPL1,4
946,SZRD1,4
947,TAF4B,4
948,TAF5,4
949,TASP1,4
950,TBPL1,4
951,TECPR2,4
952,TENM1,4
953,TENM3,4
954,TENT2,4
955,TEX2,4
956,TFCP2L1,4
957,TGIF2,4
958,TIAM1,4
959,TLE4,4
960,TLL1,4
961,TMEM121B,4
962,TMEM135,4
963,TMEM136,4
964,TMEM159,4
965,TMEM178B,4
966,TMEM255A,4
967,TMEM33,4
968,TMEM43,4
969,TMEM87A,4
970,TMOD2,4
971,TNKS,4
972,TNPO1,4
973,TRAF6,4
974,TRAK2,4
975,TRIM33,4
976,TRIM36,4
977,TRIM37,4
978,TRMT9B,4
979,TTC14,4
980,TTYH3,4
981,TVP23C,4
982,TWF1,4
983,UBE3C,4
984,UBE4B,4
985,UBFD1,4
986,UBL3,4
987,UBR3,4
988,UNC80,4
989,UNKL,4
990,USP12,4
991,USP3,4
992,USP37,4
993,USP42,4
994,USP46,4
995,USP9X,4
996,VAMP1,4
997,VPS13C,4
998,WDFY3,4
999,WDR20,4
1000,WDR33,4
1001,WDR47,4
1002,WIPF1,4
1003,WWC1,4
1004,XYLT1,4
1005,YOD1,4
1006,YTHDC1,4
1007,YTHDF3,4
1008,ZBTB11,4
1009,ZBTB44,4
1010,ZC2HC1A,4
1011,ZDHHC15,4
1012,ZER1,4
1013,ZFC3H1,4
1014,ZFHX4,4
1015,ZFP91,4
1016,ZFPM2,4
1017,ZFX,4
1018,ZFY,4
1019,ZNF225,4
1020,ZNF275,4
1021,ZNF367,4
1022,ZNF385B,4
1023,ZNF451,4
1024,ZNF469,4
1025,ZNF548,4
1026,ZNF699,4
1027,ZNF711,4
1028,ZNF800,4
1029,ZNRF3,4
1030,ABCC9,3
1031,ABI2,3
1032,ABL1,3
1033,ABRAXAS2,3
1034,ACOX1,3
1035,ACSL1,3
1036,ACTC1,3
1037,ACTR2,3
1038,ACVR1,3
1039,ADAM22,3
1040,ADAM23,3
1041,ADAM9,3
1042,ADAMTS10,3
1043,ADAMTS9,3
1044,ADAMTSL1,3
1045,ADAP1,3
1046,ADCYAP1,3
1047,ADGRB3,3
1048,ADRA1A,3
1049,ADRB2,3
1050,AFF3,3
1051,AGFG1,3
1052,AGGF1,3
1053,AGPS,3
1054,AKAIN1,3
1055,AKAP13,3
1056,AKAP5,3
1057,ALPK3,3
1058,AMER2,3
1059,ANKRD11,3
1060,ANKRD17,3
1061,ANKRD29,3
1062,ANKRD60,3
1063,ANKS1A,3
1064,ANLN,3
1065,ANO5,3
1066,ANOS1,3
1067,ANP32E,3
1068,AP4E1,3
1069,APC,3
1070,APLP2,3
1071,AR,3
1072,ARF4,3
1073,ARFGEF1,3
1074,ARFGEF2,3
1075,ARHGAP21,3
1076,ARHGAP24,3
1077,ARHGAP29,3
1078,ARHGAP5,3
1079,ARHGEF12,3
1080,ARID2,3
1081,ARID4A,3
1082,ARL2,3
1083,ARMH4,3
1084,ASCC3,3
1085,ASH1L,3
1086,ASPH,3
1087,ATF2,3
1088,ATG12,3
1089,ATG13,3
1090,ATG2B,3
1091,ATP13A3,3
1092,ATP1B1,3
1093,ATP1B4,3
1094,ATP6V1B2,3
1095,ATP7A,3
1096,ATRNL1,3
1097,ATXN7L1,3
1098,ATXN7L3B,3
1099,AUNIP,3
1100,AXIN2,3
1101,B4GALT5,3
1102,B4GALT6,3
1103,BAG4,3
1104,BAHCC1,3
1105,BARD1,3
1106,BCL7A,3
1107,BCL9L,3
1108,BDNF,3
1109,BDP1,3
1110,BHLHE41,3
1111,BLCAP,3
1112,BMP3,3
1113,BMP6,3
1114,BMPR1A,3
1115,BMPR1B,3
1116,BNC1,3
1117,BNIP2,3
1118,BNIP3L,3
1119,BRAP,3
1120,BSN,3
1121,BTRC,3
1122,BVES,3
1123,C11orf24,3
1124,C11orf87,3
1125,C15orf40,3
1126,C1orf21,3
1127,C1orf226,3
1128,C22orf39,3
1129,C2orf42,3
1130,C5orf63,3
1131,C6orf222,3
1132,CAB39,3
1133,CACHD1,3
1134,CACNA1B,3
1135,CACNA1E,3
1136,CACNA2D1,3
1137,CADM1,3
1138,CALCR,3
1139,CALCRL,3
1140,CALD1,3
1141,CAMK1D,3
1142,CAMK2D,3
1143,CAMK4,3
1144,CAMKK2,3
1145,CAMSAP1,3
1146,CAPZA1,3
1147,CARD10,3
1148,CBFA2T3,3
1149,CBLL1,3
1150,CBX4,3
1151,CBY1,3
1152,CCDC117,3
1153,CCDC126,3
1154,CCDC179,3
1155,CCDC186,3
1156,CCDC81,3
1157,CCDC97,3
1158,CCND1,3
1159,CCNT1,3
1160,CCNYL1,3
1161,CD47,3
1162,CDC14A,3
1163,CDC42BPA,3
1164,CDC42SE2,3
1165,CDCA4,3
1166,CDCA7,3
1167,CDH11,3
1168,CDS2,3
1169,CDV3,3
1170,CEMIP,3
1171,CEP41,3
1172,CEP97,3
1173,CERS2,3
1174,CFAP97,3
1175,CHD1,3
1176,CHD6,3
1177,CHEK1,3
1178,CHFR,3
1179,CHRNB2,3
1180,CLASP1,3
1181,CLIP1,3
1182,CLMN,3
1183,CLVS2,3
1184,CNIH1,3
1185,CNKSR2,3
1186,COG5,3
1187,COL11A1,3
1188,COL25A1,3
1189,COL5A1,3
1190,COP1,3
1191,COPS7B,3
1192,CPSF7,3
1193,CRACR2B,3
1194,CREB5,3
1195,CREG1,3
1196,CRTC1,3
1197,CSDE1,3
1198,CSNK1A1,3
1199,CSNK1G1,3
1200,CSNK1G3,3
1201,CTCFL,3
1202,CTDSPL2,3
1203,CTNND2,3
1204,CXorf40A,3
1205,CYB561D1,3
1206,CYB5B,3
1207,CYFIP2,3
1208,CYLD,3
1209,DACT1,3
1210,DAG1,3
1211,DBT,3
1212,DCAF5,3
1213,DCUN1D4,3
1214,DEDD,3
1215,DEF8,3
1216,DEPDC4,3
1217,DESI1,3
1218,DGKD,3
1219,DIO2,3
1220,DLEU7,3
1221,DLGAP4,3
1222,DMTF1,3
1223,DNAJA1,3
1224,DNAJC24,3
1225,DNAL1,3
1226,DOCK3,3
1227,DOCK9,3
1228,DOK5,3
1229,DPY19L1,3
1230,DPY19L4,3
1231,DRD1,3
1232,DSE,3
1233,DSG2,3
1234,DTNA,3
1235,DUSP9,3
1236,DYNC1I1,3
1237,DYRK1B,3
1238,E2F8,3
1239,EDA,3
1240,EDN1,3
1241,EDNRA,3
1242,EEA1,3
1243,EED,3
1244,EFNA3,3
1245,EFR3A,3
1246,EIF4E2,3
1247,ELK3,3
1248,ELMO2,3
1249,ELOA,3
1250,ELOC,3
1251,ELOVL4,3
1252,ELOVL5,3
1253,EMB,3
1254,EML6,3
1255,EN2,3
1256,ENAH,3
1257,ENTPD7,3
1258,EPB41L4B,3
1259,EPM2AIP1,3
1260,ERBIN,3
1261,ERC1,3
1262,ERCC4,3
1263,ERRFI1,3
1264,ESPN,3
1265,ESRP1,3
1266,ESS2,3
1267,ESYT3,3
1268,EXOC3L2,3
1269,EXT2,3
1270,EXTL3,3
1271,EYA4,3
1272,EZH1,3
1273,F3,3
1274,FAM104A,3
1275,FAM110C,3
1276,FAM122B,3
1277,FAM133A,3
1278,FAM133B,3
1279,FAM155A,3
1280,FAM161A,3
1281,FAM167A,3
1282,FAM168A,3
1283,FAM210B,3
1284,FAM222B,3
1285,FAM227A,3
1286,FAM71F2,3
1287,FAM76B,3
1288,FAM83F,3
1289,FAM84B,3
1290,FASN,3
1291,FAT4,3
1292,FBXL17,3
1293,FBXO48,3
1294,FBXW11,3
1295,FCHSD1,3
1296,FGD6,3
1297,FGF2,3
1298,FGF7,3
1299,FGF9,3
1300,FKBP1A,3
1301,FKBP3,3
1302,FLCN,3
1303,FLVCR2,3
1304,FMC1,3
1305,FMNL3,3
1306,FNIP2,3
1307,FOSL1,3
1308,FOXD1,3
1309,FOXG1,3
1310,FOXP1,3
1311,FRAS1,3
1312,FRK,3
1313,FRMD4A,3
1314,FRY,3
1315,FSTL1,3
1316,FURIN,3
1317,FYN,3
1318,FYTTD1,3
1319,G2E3,3
1320,GABARAPL1,3
1321,GABRA1,3
1322,GABRA4,3
1323,GABRE,3
1324,GABRP,3
1325,GALNT13,3
1326,GALNT2,3
1327,GAP43,3
1328,GAS2L3,3
1329,GATM,3
1330,GCC2,3
1331,GCLC,3
1332,GCNT3,3
1333,GDF10,3
1334,GEN1,3
1335,GHSR,3
1336,GIGYF1,3
1337,GIT2,3
1338,GLI2,3
1339,GLT1D1,3
1340,GLUD1,3
1341,GNAI3,3
1342,GNB1,3
1343,GNB4,3
1344,GNPDA1,3
1345,GORASP1,3
1346,GPATCH8,3
1347,GPN1,3
1348,GPR161,3
1349,GPR26,3
1350,GPR85,3
1351,GRAMD1B,3
1352,GRB2,3
1353,GRHL1,3
1354,GRID2,3
1355,GRIP1,3
1356,GRK3,3
1357,GRM1,3
1358,GRM4,3
1359,GRM5,3
1360,GRM7,3
1361,GSK3B,3
1362,GTF3C3,3
1363,GUCY1A1,3
1364,HAPLN1,3
1365,HAS3,3
1366,HDAC9,3
1367,HEG1,3
1368,HGF,3
1369,HIC2,3
1370,HIPK1,3
1371,HIRA,3
1372,HIVEP1,3
1373,HLCS,3
1374,HMBOX1,3
1375,HMGA1,3
1376,HMGA2,3
1377,HNMT,3
1378,HNRNPUL2,3
1379,HOXA3,3
1380,HOXC8,3
1381,HPSE2,3
1382,HSPA4L,3
1383,HSPA8,3
1384,HSPE1-MOB4,3
1385,HTR4,3
1386,HYDIN,3
1387,ICE2,3
1388,ICOS,3
1389,IDE,3
1390,IDH1,3
1391,IFNAR2,3
1392,IGF1,3
1393,IL17RD,3
1394,IL1RAP,3
1395,IL36RN,3
1396,IMPDH1,3
1397,INHBB,3
1398,INO80,3
1399,INSYN2,3
1400,IPO11,3
1401,IPO9,3
1402,IQGAP2,3
1403,IRS2,3
1404,ISOC1,3
1405,ITGA4,3
1406,ITPKB,3
1407,IVNS1ABP,3
1408,JADE1,3
1409,JAG1,3
1410,JAKMIP3,3
1411,JDP2,3
1412,JMY,3
1413,KATNAL1,3
1414,KATNBL1,3
1415,KBTBD2,3
1416,KCMF1,3
1417,KCNA1,3
1418,KCNAB1,3
1419,KCNC4,3
1420,KCNJ2,3
1421,KCNK3,3
1422,KCNN3,3
1423,KCTD20,3
1424,KCTD5,3
1425,KCTD7,3
1426,KDM3A,3
1427,KDM6A,3
1428,KDM7A,3
1429,KDSR,3
1430,KHDRBS2,3
1431,KHNYN,3
1432,KIAA0556,3
1433,KIAA1211,3
1434,KIAA1211L,3
1435,KIAA1958,3
1436,KIF16B,3
1437,KIF21B,3
1438,KIF3B,3
1439,KIF5A,3
1440,KLF10,3
1441,KLF13,3
1442,KLF2,3
1443,KLF3,3
1444,KLF4,3
1445,KLF5,3
1446,KLF8,3
1447,KLHL11,3
1448,KLHL2,3
1449,KLHL20,3
1450,KMT2C,3
1451,KPNA6,3
1452,KRTAP4-4,3
1453,LARGE1,3
1454,LARP1,3
1455,LCP1,3
1456,LDLR,3
1457,LGALSL,3
1458,LHFPL2,3
1459,LHFPL4,3
1460,LIFR,3
1461,LIMS1,3
1462,LIN28A,3
1463,LIN54,3
1464,LITAF,3
1465,LMBR1L,3
1466,LONRF1,3
1467,LONRF3,3
1468,LRCH2,3
1469,LRP12,3
1470,LRP1B,3
1471,LRRC17,3
1472,LRRC8D,3
1473,LRRK1,3
1474,LRRK2,3
1475,LY75,3
1476,LYNX1,3
1477,LYPLA2,3
1478,LYST,3
1479,LZIC,3
1480,M6PR,3
1481,MAB21L1,3
1482,MAFG,3
1483,MAGI2,3
1484,MAGI3,3
1485,MAMLD1,3
1486,MAN1A2,3
1487,MAP2K1,3
1488,MAP2K3,3
1489,MAP3K12,3
1490,MAP4K4,3
1491,MAP6,3
1492,MAP7,3
1493,MAPK10,3
1494,MAPK9,3
1495,MARCH8,3
1496,MARK3,3
1497,MAT2A,3
1498,MAVS,3
1499,MBD2,3
1500,MBD4,3
1501,MCF2L,3
1502,MDFIC,3
1503,MDN1,3
1504,MECOM,3
1505,MED14OS,3
1506,MEGF11,3
1507,MEIS2,3
1508,METTL8,3
1509,MFAP5,3
1510,MFF,3
1511,MFN2,3
1512,MGAT4A,3
1513,MGST1,3
1514,MIGA2,3
1515,MINAR1,3
1516,MKX,3
1517,MLLT10,3
1518,MLYCD,3
1519,MMP16,3
1520,MMP19,3
1521,MMS19,3
1522,MOB3B,3
1523,MOB4,3
1524,MORC3,3
1525,MOSMO,3
1526,MOV10,3
1527,MPHOSPH9,3
1528,MRAS,3
1529,MRPL19,3
1530,MTHFR,3
1531,MTMR10,3
1532,MTMR9,3
1533,MTX3,3
1534,MXRA5,3
1535,MYADM,3
1536,MYBL2,3
1537,MYCN,3
1538,MYH11,3
1539,MYLIP,3
1540,MYO5B,3
1541,MYRIP,3
1542,MYT1L,3
1543,NAA50,3
1544,NAALADL2,3
1545,NANOS1,3
1546,NAP1L2,3
1547,NAP1L3,3
1548,NAPB,3
1549,NAPEPLD,3
1550,NAPG,3
1551,NAV2,3
1552,NBEA,3
1553,NCAM1,3
1554,NDEL1,3
1555,NDST1,3
1556,NEDD4,3
1557,NEDD9,3
1558,NEFM,3
1559,NEURL1B,3
1560,NF2,3
1561,NFE2L2,3
1562,NFYA,3
1563,NFYB,3
1564,NHS,3
1565,NHSL1,3
1566,NKD1,3
1567,NKTR,3
1568,NLGN4X,3
1569,NLRX1,3
1570,NOTCH1,3
1571,NOTCH2,3
1572,NPNT,3
1573,NPTN,3
1574,NR3C2,3
1575,NRIP1,3
1576,NSD2,3
1577,NSL1,3
1578,NSMCE3,3
1579,NSMF,3
1580,NTNG1,3
1581,NUAK2,3
1582,NUP160,3
1583,NYNRIN,3
1584,ODF2L,3
1585,OGT,3
1586,OPRM1,3
1587,OSBPL8,3
1588,OTUB2,3
1589,OTUD6B,3
1590,OTUD7B,3
1591,OTX2,3
1592,PACRG,3
1593,PAFAH1B2,3
1594,PAIP1,3
1595,PALLD,3
1596,PAM,3
1597,PANK1,3
1598,PANK2,3
1599,PAPOLA,3
1600,PAPOLB,3
1601,PAWR,3
1602,PAX9,3
1603,PCDH10,3
1604,PCDH20,3
1605,PCDH8,3
1606,PCDH9,3
1607,PCMT1,3
1608,PCSK5,3
1609,PDCD10,3
1610,PDGFRA,3
1611,PDIA6,3
1612,PDK4,3
1613,PDLIM5,3
1614,PDPK1,3
1615,PDPR,3
1616,PDSS1,3
1617,PDXDC1,3
1618,PDZD8,3
1619,PELI1,3
1620,PER2,3
1621,PEX12,3
1622,PEX13,3
1623,PEX5,3
1624,PFKFB4,3
1625,PGAP1,3
1626,PGM3,3
1627,PHF12,3
1628,PHF14,3
1629,PHF21A,3
1630,PHKA1,3
1631,PIAS1,3
1632,PIAS2,3
1633,PID1,3
1634,PIEZO1,3
1635,PIK3C2A,3
1636,PIK3IP1,3
1637,PIK3R3,3
1638,PIM1,3
1639,PIP4K2C,3
1640,PIP4P1,3
1641,PITPNA,3
1642,PITPNB,3
1643,PKDCC,3
1644,PLCL2,3
1645,PLD1,3
1646,PLEKHA5,3
1647,PLEKHF2,3
1648,PLEKHH1,3
1649,PLEKHM3,3
1650,PLGLB1,3
1651,PLGLB2,3
1652,PLPP1,3
1653,PLPPR5,3
1654,PLS1,3
1655,PLSCR4,3
1656,PNKD,3
1657,PNRC1,3
1658,POGZ,3
1659,POLR3E,3
1660,POM121,3
1661,POM121C,3
1662,POU3F2,3
1663,POU4F1,3
1664,POU4F2,3
1665,PPP1R15B,3
1666,PPP1R1C,3
1667,PPP1R9A,3
1668,PPP2R1B,3
1669,PPP3CB,3
1670,PPP3R1,3
1671,PRDM13,3
1672,PRKACB,3
1673,PRKCE,3
1674,PRKD3,3
1675,PRLR,3
1676,PRPF4B,3
1677,PRR15L,3
1678,PRR5L,3
1679,PRRG4,3
1680,PTCD3,3
1681,PTGER3,3
1682,PTGES3,3
1683,PTGFR,3
1684,PTPN13,3
1685,PTPN3,3
1686,PTPRM,3
1687,PTPRO,3
1688,PYM1,3
1689,QSER1,3
1690,R3HDM1,3
1691,RAB10,3
1692,RAB11FIP1,3
1693,RAB11FIP2,3
1694,RAB12,3
1695,RAB15,3
1696,RAB18,3
1697,RAB21,3
1698,RAB27B,3
1699,RAB2A,3
1700,RAB3B,3
1701,RAB3C,3
1702,RAB3IP,3
1703,RAB8B,3
1704,RABGAP1L,3
1705,RAD50,3
1706,RAD51B,3
1707,RAF1,3
1708,RALGPS2,3
1709,RAN,3
1710,RANBP3,3
1711,RAPGEF2,3
1712,RASA2,3
1713,RASD1,3
1714,RASGEF1A,3
1715,RASL12,3
1716,RB1CC1,3
1717,RBBP6,3
1718,RBCK1,3
1719,RBM41,3
1720,RBM47,3
1721,RBSN,3
1722,REL,3
1723,RELCH,3
1724,RET,3
1725,REV3L,3
1726,RGMA,3
1727,RHD,3
1728,RHEBL1,3
1729,RHOB,3
1730,RHPN2,3
1731,RIF1,3
1732,RIMS1,3
1733,RIMS3,3
1734,RIT1,3
1735,RNF138,3
1736,RNF169,3
1737,RNMT,3
1738,RO60,3
1739,ROCK2,3
1740,RPRD1A,3
1741,RPS6KA2,3
1742,RRAGD,3
1743,RREB1,3
1744,RSBN1,3
1745,RSF1,3
1746,RSPO3,3
1747,RTL10,3
1748,RUBCNL,3
1749,RUNX1,3
1750,RYR3,3
1751,S100PBP,3
1752,S1PR1,3
1753,S1PR3,3
1754,SACS,3
1755,SALL3,3
1756,SAMD10,3
1757,SAR1A,3
1758,SARM1,3
1759,SATB1,3
1760,SBF2,3
1761,SCAF11,3
1762,SCLT1,3
1763,SCML2,3
1764,SCN4B,3
1765,SCOC,3
1766,SEC23A,3
1767,SEC61A1,3
1768,SELENOI,3
1769,SELENOS,3
1770,SEMA3D,3
1771,SEMA5B,3
1772,SEMA6B,3
1773,SENP5,3
1774,SEPSECS,3
1775,SEPT7,3
1776,SERBP1,3
1777,SERPINE1,3
1778,SGCZ,3
1779,SGIP1,3
1780,SH3BP2,3
1781,SH3D19,3
1782,SH3GLB1,3
1783,SH3KBP1,3
1784,SH3RF1,3
1785,SHANK2,3
1786,SHISAL1,3
1787,SHOC2,3
1788,SIAH3,3
1789,SIDT1,3
1790,SIK3,3
1791,SIKE1,3
1792,SIPA1L2,3
1793,SIRPA,3
1794,SLAIN1,3
1795,SLC10A4,3
1796,SLC12A6,3
1797,SLC13A1,3
1798,SLC16A7,3
1799,SLC20A2,3
1800,SLC25A21,3
1801,SLC26A7,3
1802,SLC2A14,3
1803,SLC2A3,3
1804,SLC30A4,3
1805,SLC30A7,3
1806,SLC35A3,3
1807,SLC35B2,3
1808,SLC35B4,3
1809,SLC35F1,3
1810,SLC35G1,3
1811,SLC39A9,3
1812,SLC44A1,3
1813,SLC4A10,3
1814,SLC6A1,3
1815,SLC6A11,3
1816,SLC6A6,3
1817,SLC7A2,3
1818,SLC9A2,3
1819,SLF2,3
1820,SLIT2,3
1821,SLITRK6,3
1822,SMAD1,3
1823,SMAD4,3
1824,SMAD5,3
1825,SMARCD2,3
1826,SMCR8,3
1827,SMDT1,3
1828,SMURF2,3
1829,SMYD5,3
1830,SNAI2,3
1831,SNAP91,3
1832,SNN,3
1833,SNRPB2,3
1834,SNX29,3
1835,SNX33,3
1836,SNX8,3
1837,SOBP,3
1838,SOCS1,3
1839,SOCS3,3
1840,SORBS2,3
1841,SORCS3,3
1842,SORL1,3
1843,SOS1,3
1844,SOX12,3
1845,SPATA2,3
1846,SPEG,3
1847,SPRY4,3
1848,SPRYD3,3
1849,SPRYD4,3
1850,SPSB4,3
1851,SPTBN2,3
1852,SPTSSB,3
1853,SREK1,3
1854,SRGAP3,3
1855,SRRM4,3
1856,SRSF11,3
1857,SSBP2,3
1858,SSH1,3
1859,SSH2,3
1860,SSR1,3
1861,STAC,3
1862,STARD13,3
1863,STARD8,3
1864,STK17B,3
1865,STK32B,3
1866,STK33,3
1867,STK38L,3
1868,STRN,3
1869,STX1A,3
1870,SULF1,3
1871,SUN2,3
1872,SUSD6,3
1873,SV2B,3
1874,SVIP,3
1875,SWAP70,3
1876,SYN1,3
1877,SYNCRIP,3
1878,SYNDIG1,3
1879,SYNRG,3
1880,SYT1,3
1881,SYT10,3
1882,SYT6,3
1883,TACC1,3
1884,TACC2,3
1885,TANC1,3
1886,TANC2,3
1887,TBC1D12,3
1888,TBC1D19,3
1889,TBC1D8,3
1890,TBC1D9,3
1891,TBCK,3
1892,TBX18,3
1893,TENT4A,3
1894,TENT4B,3
1895,TESK2,3
1896,TET1,3
1897,TFDP1,3
1898,TFDP2,3
1899,TFEC,3
1900,TFPI2,3
1901,TGFB2,3
1902,TGFBR1,3
1903,TGFBR2,3
1904,TGIF1,3
1905,TGOLN2,3
1906,THRB,3
1907,THSD4,3
1908,THSD7A,3
1909,THUMPD1,3
1910,TIA1,3
1911,TIAL1,3
1912,TK2,3
1913,TLDC2,3
1914,TLK1,3
1915,TLL2,3
1916,TLR1,3
1917,TMEM143,3
1918,TMEM183A,3
1919,TMEM189-UBE2V1,3
1920,TMEM229A,3
1921,TMEM38B,3
1922,TMEM47,3
1923,TMEM50B,3
1924,TMEM56,3
1925,TMEM59,3
1926,TMEM68,3
1927,TMOD3,3
1928,TNRC18,3
1929,TPD52L3,3
1930,TPM3,3
1931,TRABD2B,3
1932,TRDN,3
1933,TREM1,3
1934,TRERF1,3
1935,TRIM13,3
1936,TRIM2,3
1937,TRIM23,3
1938,TRIM66,3
1939,TRIO,3
1940,TRIP11,3
1941,TRIP12,3
1942,TSC22D2,3
1943,TSHZ1,3
1944,TSHZ2,3
1945,TSPAN11,3
1946,TSPAN2,3
1947,TSPAN5,3
1948,TSTD2,3
1949,TTC1,3
1950,TTC38,3
1951,TTC9,3
1952,TTLL7,3
1953,TUBGCP2,3
1954,TUT7,3
1955,TXLNG,3
1956,TXN2,3
1957,TXNRD2,3
1958,UBA3,3
1959,UBAP1,3
1960,UBAP2L,3
1961,UBE2D2,3
1962,UBE2G2,3
1963,UBE2W,3
1964,UBE3B,3
1965,UBTD2,3
1966,UCP3,3
1967,UGT2A3,3
1968,UHRF2,3
1969,ULK2,3
1970,UROS,3
1971,USP13,3
1972,USP15,3
1973,USP28,3
1974,USP32,3
1975,USP45,3
1976,USP47,3
1977,USP6,3
1978,VANGL1,3
1979,VAPB,3
1980,VASH2,3
1981,VCPKMT,3
1982,VEGFA,3
1983,VGLL3,3
1984,VGLL4,3
1985,VPS54,3
1986,VSX1,3
1987,WBP1L,3
1988,WDR44,3
1989,WDR82,3
1990,WDTC1,3
1991,WIPI2,3
1992,WNK1,3
1993,WNT2B,3
1994,WRNIP1,3
1995,WSB1,3
1996,WTAP,3
1997,WWTR1,3
1998,XIRP2,3
1999,YAF2,3
2000,YAP1,3
2001,YPEL2,3
2002,YPEL5,3
2003,YWHAG,3
2004,ZBTB2,3
2005,ZBTB21,3
2006,ZBTB43,3
2007,ZBTB5,3
2008,ZC3H11A,3
2009,ZC3H6,3
2010,ZCCHC14,3
2011,ZCCHC24,3
2012,ZFAND3,3
2013,ZFAND5,3
2014,ZFP3,3
2015,ZFYVE9,3
2016,ZIC5,3
2017,ZMYND11,3
2018,ZMYND8,3
2019,ZNF177,3
2020,ZNF224,3
2021,ZNF230,3
2022,ZNF280B,3
2023,ZNF287,3
2024,ZNF362,3
2025,ZNF507,3
2026,ZNF512B,3
2027,ZNF516,3
2028,ZNF559-ZNF177,3
2029,ZNF608,3
2030,ZNF652,3
2031,ZNF678,3
2032,ZNF697,3
2033,ZNF736,3
2034,ZNF746,3
2035,ZNF804A,3
2036,ZNF81,3
2037,ZNRF1,3
2038,ZPLD1,3
2039,A1CF,2
2040,A4GNT,2
2041,AATK,2
2042,ABCB7,2
2043,ABCE1,2
2044,ABCF3,2
2045,ABHD17C,2
2046,ABHD2,2
2047,ABR,2
2048,ACACB,2
2049,ACAD9,2
2050,ACBD3,2
2051,ACBD5,2
2052,ACSS2,2
2053,ACTBL2,2
2054,ACTN1,2
2055,ACTR3,2
2056,ACTR3C,2
2057,ADAM28,2
2058,ADAMTS17,2
2059,ADCY1,2
2060,ADCY3,2
2061,ADCY5,2
2062,ADCY9,2
2063,ADCYAP1R1,2
2064,ADD3,2
2065,ADGRA3,2
2066,ADGRD1,2
2067,ADGRE2,2
2068,ADGRL1,2
2069,ADNP2,2
2070,ADORA2A,2
2071,ADRA1D,2
2072,ADRA2A,2
2073,AFAP1,2
2074,AFAP1L2,2
2075,AFDN,2
2076,AGL,2
2077,AGO2,2
2078,AGPAT3,2
2079,AGPAT5,2
2080,AHCYL1,2
2081,AHCYL2,2
2082,AHNAK2,2
2083,AICDA,2
2084,AIDA,2
2085,AIFM1,2
2086,AJUBA,2
2087,AK9,2
2088,AKAP1,2
2089,AKAP6,2
2090,ALDH1A3,2
2091,ALDH1L2,2
2092,ALDH6A1,2
2093,ALG10,2
2094,ALG10B,2
2095,ALG2,2
2096,ALKBH8,2
2097,ALOX12,2
2098,AMD1,2
2099,ANGEL2,2
2100,ANK2,2
2101,ANKHD1,2
2102,ANKRA2,2
2103,ANKRD10,2
2104,ANKRD13D,2
2105,ANKRD33B,2
2106,ANKRD34A,2
2107,ANKRD42,2
2108,ANKRD44,2
2109,ANKRD46,2
2110,ANKRD50,2
2111,ANKRD52,2
2112,ANKUB1,2
2113,ANO4,2
2114,ANO8,2
2115,ANTXR2,2
2116,ANXA11,2
2117,ANXA2R,2
2118,AP1S2,2
2119,AP2B1,2
2120,AP3S1,2
2121,AP5B1,2
2122,AP5Z1,2
2123,APBA1,2
2124,APBB2,2
2125,APH1B,2
2126,APLN,2
2127,APOPT1,2
2128,AQP11,2
2129,AQP4,2
2130,AREL1,2
2131,ARF1,2
2132,ARFGAP2,2
2133,ARFGEF3,2
2134,ARHGAP1,2
2135,ARHGAP17,2
2136,ARHGAP20,2
2137,ARHGAP26,2
2138,ARHGAP6,2
2139,ARHGDIA,2
2140,ARHGEF10,2
2141,ARHGEF26,2
2142,ARHGEF3,2
2143,ARHGEF4,2
2144,ARHGEF6,2
2145,ARL1,2
2146,ARL3,2
2147,ARL4A,2
2148,ARMC1,2
2149,ARMCX2,2
2150,ARNT,2
2151,ARNTL,2
2152,ASAP1,2
2153,ASAP2,2
2154,ASB1,2
2155,ASB3,2
2156,ASB4,2
2157,ASNSD1,2
2158,ASPN,2
2159,ASTN1,2
2160,ASXL2,2
2161,ASXL3,2
2162,ATF6,2
2163,ATG4B,2
2164,ATG4D,2
2165,ATG9A,2
2166,ATL2,2
2167,ATL3,2
2168,ATP11A,2
2169,ATP12A,2
2170,ATP2B1,2
2171,ATP2B4,2
2172,ATP2C1,2
2173,ATP4B,2
2174,ATP5MC3,2
2175,ATP6AP2,2
2176,ATP6V0E1,2
2177,ATP8B2,2
2178,ATXN2,2
2179,ATXN3,2
2180,ATXN7L2,2
2181,ATXN7L3,2
2182,AURKA,2
2183,B3GALNT2,2
2184,B3GNT2,2
2185,BACE2,2
2186,BAG5,2
2187,BAZ2B,2
2188,BBS7,2
2189,BCAP29,2
2190,BCL10,2
2191,BCL2L2,2
2192,BCLAF3,2
2193,BCO1,2
2194,BCOR,2
2195,BEAN1,2
2196,BECN1,2
2197,BICC1,2
2198,BMX,2
2199,BOLA3,2
2200,BORCS6,2
2201,BPIFA1,2
2202,BRD1,2
2203,BRD9,2
2204,BRK1,2
2205,BTBD1,2
2206,BTBD10,2
2207,BTBD3,2
2208,BTF3,2
2209,BTF3L4,2
2210,BTN1A1,2
2211,BUB1B-PAK6,2
2212,BZW1,2
2213,C10orf25,2
2214,C10orf67,2
2215,C11orf53,2
2216,C11orf68,2
2217,C12orf76,2
2218,C14orf180,2
2219,C14orf28,2
2220,C16orf70,2
2221,C18orf25,2
2222,C1GALT1,2
2223,C1orf52,2
2224,C1QL3,2
2225,C20orf194,2
2226,C2CD4C,2
2227,C2CD5,2
2228,C2orf15,2
2229,C2orf69,2
2230,C2orf72,2
2231,C3orf14,2
2232,C3orf35,2
2233,C4orf19,2
2234,C5,2
2235,C5orf64,2
2236,C6orf62,2
2237,C7orf43,2
2238,C8orf58,2
2239,C8orf86,2
2240,C9orf40,2
2241,CAAP1,2
2242,CACNA1A,2
2243,CACNA1D,2
2244,CACNA2D4,2
2245,CACNB1,2
2246,CACNG2,2
2247,CADM3,2
2248,CADPS,2
2249,CALM1,2
2250,CAMK2A,2
2251,CAMK2G,2
2252,CAMK2N1,2
2253,CAMK2N2,2
2254,CANX,2
2255,CAPN5,2
2256,CAPN6,2
2257,CAPRIN2,2
2258,CAPZA2,2
2259,CARF,2
2260,CARM1,2
2261,CARS,2
2262,CASC1,2
2263,CASP3,2
2264,CASP7,2
2265,CASP8,2
2266,CASR,2
2267,CAV2,2
2268,CBFA2T2,2
2269,CBLL2,2
2270,CBWD1,2
2271,CBWD2,2
2272,CBWD3,2
2273,CBX1,2
2274,CCAR2,2
2275,CCDC141,2
2276,CCDC149,2
2277,CCDC18,2
2278,CCDC191,2
2279,CCDC28A,2
2280,CCDC32,2
2281,CCDC43,2
2282,CCDC57,2
2283,CCDC68,2
2284,CCDC71L,2
2285,CCDC83,2
2286,CCDC85A,2
2287,CCDC85C,2
2288,CCDC88C,2
2289,CCN3,2
2290,CCNA2,2
2291,CCNE1,2
2292,CCNG2,2
2293,CCNK,2
2294,CCNY,2
2295,CCT6A,2
2296,CD28,2
2297,CD3E,2
2298,CD40,2
2299,CD69,2
2300,CD84,2
2301,CDADC1,2
2302,CDC25A,2
2303,CDC27,2
2304,CDC42BPB,2
2305,CDC42EP2,2
2306,CDC5L,2
2307,CDC7,2
2308,CDCA8,2
2309,CDH20,2
2310,CDH6,2
2311,CDK14,2
2312,CDK15,2
2313,CDK16,2
2314,CDK5R1,2
2315,CDRT1,2
2316,CDS1,2
2317,CEACAM6,2
2318,CEBPG,2
2319,CEBPZOS,2
2320,CECR2,2
2321,CELF2,2
2322,CELF4,2
2323,CENPN,2
2324,CENPQ,2
2325,CEPT1,2
2326,CERS6,2
2327,CFAP45,2
2328,CGN,2
2329,CHAC1,2
2330,CHD5,2
2331,CHD7,2
2332,CHIC2,2
2333,CHKA,2
2334,CHMP2B,2
2335,CHMP3,2
2336,CHP1,2
2337,CHPT1,2
2338,CHST2,2
2339,CHUK,2
2340,CIC,2
2341,CLCN6,2
2342,CLDN11,2
2343,CLDN12,2
2344,CLDN16,2
2345,CLDN2,2
2346,CLEC7A,2
2347,CLHC1,2
2348,CLIC4,2
2349,CLIP4,2
2350,CLSPN,2
2351,CLU,2
2352,CLUH,2
2353,CMC4,2
2354,CMIP,2
2355,CNEP1R1,2
2356,CNGA3,2
2357,CNIH2,2
2358,CNIH3,2
2359,CNN1,2
2360,CNNM2,2
2361,CNNM3,2
2362,CNOT2,2
2363,CNOT7,2
2364,CNOT9,2
2365,CNST,2
2366,CNTN5,2
2367,CNTNAP3B,2
2368,COA1,2
2369,COBLL1,2
2370,COL10A1,2
2371,COL13A1,2
2372,COL1A2,2
2373,COL21A1,2
2374,COL24A1,2
2375,COL27A1,2
2376,COL4A1,2
2377,COL4A3,2
2378,COL5A2,2
2379,COL9A3,2
2380,COMMD2,2
2381,COMT,2
2382,COPS7A,2
2383,COQ10B,2
2384,COX8C,2
2385,CPNE1,2
2386,CPS1,2
2387,CR2,2
2388,CREB1,2
2389,CREB3L2,2
2390,CRIM1,2
2391,CRK,2
2392,CRY1,2
2393,CSAD,2
2394,CSGALNACT1,2
2395,CSRNP1,2
2396,CST3,2
2397,CTCF,2
2398,CTHRC1,2
2399,CTNNA3,2
2400,CTNNB1,2
2401,CTPS1,2
2402,CTTNBP2,2
2403,CTTNBP2NL,2
2404,CUEDC1,2
2405,CUL4B,2
2406,CUL5,2
2407,CUX2,2
2408,CWC15,2
2409,CX3CL1,2
2410,CXCL12,2
2411,CXCR3,2
2412,CXCR5,2
2413,CXorf40B,2
2414,CXXC4,2
2415,CXXC5,2
2416,CYB561A3,2
2417,CYP20A1,2
2418,CYP24A1,2
2419,CYP26B1,2
2420,CYP2S1,2
2421,CYP2U1,2
2422,CYP3A5,2
2423,CYSLTR1,2
2424,CYTH3,2
2425,DAAM2,2
2426,DAB2IP,2
2427,DAGLA,2
2428,DBN1,2
2429,DCLK3,2
2430,DCLRE1B,2
2431,DCTN4,2
2432,DDAH1,2
2433,DDX4,2
2434,DDX5,2
2435,DDX52,2
2436,DDX59,2
2437,DENND2C,2
2438,DENND4C,2
2439,DEPDC5,2
2440,DEPTOR,2
2441,DGKE,2
2442,DGKG,2
2443,DHRS7,2
2444,DHX33,2
2445,DIP2A,2
2446,DIPK2B,2
2447,DIRAS1,2
2448,DISC1,2
2449,DKK1,2
2450,DKK3,2
2451,DLC1,2
2452,DMD,2
2453,DMPK,2
2454,DNAJB14,2
2455,DNAJB9,2
2456,DNAJC13,2
2457,DNAJC15,2
2458,DNAJC25-GNG10,2
2459,DNAJC3,2
2460,DNAJC5,2
2461,DNM1L,2
2462,DNM3,2
2463,DNMT3B,2
2464,DOC2A,2
2465,DOCK10,2
2466,DOCK5,2
2467,DOCK7,2
2468,DOT1L,2
2469,DPF3,2
2470,DPH5,2
2471,DPY19L3,2
2472,DPYSL3,2
2473,DR1,2
2474,DRAM1,2
2475,DRP2,2
2476,DSC1,2
2477,DSCAML1,2
2478,DSG1,2
2479,DSTN,2
2480,DTWD2,2
2481,DTX4,2
2482,DUSP1,2
2483,DUSP18,2
2484,DUSP5,2
2485,DUT,2
2486,DVL3,2
2487,DYNLL2,2
2488,DZIP1,2
2489,EDAR,2
2490,EEF1A1,2
2491,EFCAB5,2
2492,EFHC1,2
2493,EGFLAM,2
2494,EGLN1,2
2495,EGLN3,2
2496,EIF1AX,2
2497,EIF2B2,2
2498,EIF3A,2
2499,EIF4A2,2
2500,EIF4E,2
2501,EIF4EBP1,2
2502,EIF4G2,2
2503,ELAC1,2
2504,ELAC2,2
2505,ELFN2,2
2506,ELMOD1,2
2507,ELOVL2,2
2508,ELOVL7,2
2509,ELP1,2
2510,EMC4,2
2511,EMP1,2
2512,EMX2,2
2513,ENOX2,2
2514,ENPP2,2
2515,ENPP5,2
2516,ENTPD4,2
2517,EOGT,2
2518,EOMES,2
2519,EPB41,2
2520,EPB41L1,2
2521,EPDR1,2
2522,EPHA1,2
2523,EPHA3,2
2524,EPHA4,2
2525,EPHA5,2
2526,EPHA8,2
2527,EPHB3,2
2528,EPHB4,2
2529,EPHX4,2
2530,EPN2,2
2531,EPS15,2
2532,ERBB3,2
2533,ERBB4,2
2534,EREG,2
2535,ERG,2
2536,ERI2,2
2537,ERICH3,2
2538,ERLIN1,2
2539,ERO1B,2
2540,ERP44,2
2541,ESCO1,2
2542,ESR1,2
2543,ESRRA,2
2544,ESRRG,2
2545,ESYT2,2
2546,ETFBKMT,2
2547,ETFRF1,2
2548,ETV1,2
2549,ETV5,2
2550,EXOC2,2
2551,EXOC6,2
2552,EXT1,2
2553,EXTL2,2
2554,EYS,2
2555,EZH2,2
2556,F11R,2
2557,FABP2,2
2558,FAM102A,2
2559,FAM107B,2
2560,FAM114A1,2
2561,FAM117B,2
2562,FAM122A,2
2563,FAM124A,2
2564,FAM129C,2
2565,FAM13B,2
2566,FAM160A1,2
2567,FAM168B,2
2568,FAM169A,2
2569,FAM174B,2
2570,FAM189A1,2
2571,FAM189B,2
2572,FAM199X,2
2573,FAM19A1,2
2574,FAM19A2,2
2575,FAM219B,2
2576,FAM234A,2
2577,FAM241A,2
2578,FAM24A,2
2579,FAM3C,2
2580,FAM78B,2
2581,FAM84A,2
2582,FAM89A,2
2583,FAM98A,2
2584,FAP,2
2585,FAR1,2
2586,FASTK,2
2587,FBN1,2
2588,FBN2,2
2589,FBXL18,2
2590,FBXL3,2
2591,FBXO10,2
2592,FBXO11,2
2593,FBXO21,2
2594,FBXO22,2
2595,FBXO34,2
2596,FBXO42,2
2597,FBXO45,2
2598,FBXO8,2
2599,FBXO9,2
2600,FBXW2,2
2601,FCHSD2,2
2602,FCRL2,2
2603,FDFT1,2
2604,FGA,2
2605,FGF14,2
2606,FGF18,2
2607,FGFR3,2
2608,FGFR4,2
2609,FHL3,2
2610,FIBIN,2
2611,FLRT2,2
2612,FLT1,2
2613,FLT3,2
2614,FLVCR1,2
2615,FMO2,2
2616,FNDC5,2
2617,FNTA,2
2618,FOS,2
2619,FOXA1,2
2620,FOXF2,2
2621,FOXJ2,2
2622,FOXK1,2
2623,FOXL2,2
2624,FOXN2,2
2625,FOXN3,2
2626,FOXP2,2
2627,FOXR2,2
2628,FREM1,2
2629,FRG2,2
2630,FRG2C,2
2631,FSBP,2
2632,FSD1,2
2633,FSTL4,2
2634,FUCA1,2
2635,FYCO1,2
2636,G6PC2,2
2637,GABBR2,2
2638,GABPB1,2
2639,GABRB1,2
2640,GABRG1,2
2641,GABRR1,2
2642,GAD2,2
2643,GALNT15,2
2644,GALNT3,2
2645,GANC,2
2646,GAS7,2
2647,GATA6,2
2648,GATAD2A,2
2649,GCG,2
2650,GCLM,2
2651,GCNT2,2
2652,GCOM1,2
2653,GDE1,2
2654,GDI2,2
2655,GDPD1,2
2656,GFAP,2
2657,GFPT1,2
2658,GGA1,2
2659,GGA3,2
2660,GGCT,2
2661,GHR,2
2662,GID8,2
2663,GIT1,2
2664,GKAP1,2
2665,GLDC,2
2666,GLE1,2
2667,GLIPR1,2
2668,GLP1R,2
2669,GLP2R,2
2670,GLRA3,2
2671,GLRX,2
2672,GLS2,2
2673,GLYATL3,2
2674,GLYR1,2
2675,GNA13,2
2676,GNAI2,2
2677,GNAZ,2
2678,GNG10,2
2679,GOLGA6C,2
2680,GOLGA7,2
2681,GOLGA8A,2
2682,GOLGA8B,2
2683,GPAM,2
2684,GPBP1,2
2685,GPC6,2
2686,GPD2,2
2687,GPM6A,2
2688,GPR39,2
2689,GPR63,2
2690,GPR65,2
2691,GPR89A,2
2692,GPR89B,2
2693,GPT2,2
2694,GRIA3,2
2695,GRIP2,2
2696,GRK5,2
2697,GRK6,2
2698,GRPR,2
2699,GSG1,2
2700,GSTCD,2
2701,GTF3C4,2
2702,GTPBP1,2
2703,GTPBP10,2
2704,GXYLT1,2
2705,GZMK,2
2706,HAL,2
2707,HAND1,2
2708,HAND2,2
2709,HAO1,2
2710,HARS2,2
2711,HBEGF,2
2712,HDAC4,2
2713,HDX,2
2714,HECA,2
2715,HECTD4,2
2716,HECW2,2
2717,HERC2,2
2718,HERC6,2
2719,HEY2,2
2720,HIF3A,2
2721,HIGD1A,2
2722,HIP1,2
2723,HIVEP3,2
2724,HMGN3,2
2725,HNF4G,2
2726,HNRNPA0,2
2727,HNRNPA1,2
2728,HNRNPD,2
2729,HNRNPH1,2
2730,HNRNPK,2
2731,HOXA1,2
2732,HOXA10,2
2733,HOXA9,2
2734,HOXD1,2
2735,HOXD10,2
2736,HPRT1,2
2737,HPS6,2
2738,HRH1,2
2739,HRNR,2
2740,HS3ST1,2
2741,HSPA14,2
2742,HSPA1B,2
2743,HSPG2,2
2744,HTR1B,2
2745,HTR2A,2
2746,HTRA3,2
2747,HYKK,2
2748,HYPK,2
2749,IARS,2
2750,IBSP,2
2751,ICK,2
2752,IDH3A,2
2753,IFNAR1,2
2754,IFT74,2
2755,IGSF23,2
2756,IHH,2
2757,IKZF4,2
2758,IL10RA,2
2759,IL15,2
2760,IL17RE,2
2761,IL1RAPL2,2
2762,IL1RL1,2
2763,IL7R,2
2764,IMPA2,2
2765,INPP4A,2
2766,INSM2,2
2767,INSR,2
2768,INTS6,2
2769,IP6K1,2
2770,IP6K3,2
2771,IPPK,2
2772,IQCB1,2
2773,IQCJ-SCHIP1,2
2774,IQCK,2
2775,IRAK2,2
2776,IRF4,2
2777,IRX2,2
2778,IRX4,2
2779,ISCA2,2
2780,ISL1,2
2781,ISLR,2
2782,ISM2,2
2783,IST1,2
2784,ITCH,2
2785,ITGA10,2
2786,ITGA2,2
2787,ITGB1,2
2788,ITGB3,2
2789,ITPK1,2
2790,ITPRID2,2
2791,ITSN1,2
2792,JAZF1,2
2793,JCAD,2
2794,JPH3,2
2795,JPH4,2
2796,JRK,2
2797,JRKL,2
2798,KANK1,2
2799,KARS,2
2800,KAT2B,2
2801,KCNA5,2
2802,KCNA6,2
2803,KCNB1,2
2804,KCND2,2
2805,KCNE4,2
2806,KCNG4,2
2807,KCNH7,2
2808,KCNIP1,2
2809,KCNJ11,2
2810,KCNJ12,2
2811,KCNK17,2
2812,KCNK2,2
2813,KCNMB2,2
2814,KCNN4,2
2815,KCNQ3,2
2816,KCNT2,2
2817,KCNU1,2
2818,KCNV1,2
2819,KCTD15,2
2820,KCTD16,2
2821,KCTD3,2
2822,KCTD6,2
2823,KCTD9,2
2824,KDM6B,2
2825,KIAA0825,2
2826,KIAA1217,2
2827,KIAA1522,2
2828,KIAA1549,2
2829,KIAA1549L,2
2830,KIF11,2
2831,KIF1C,2
2832,KIF21A,2
2833,KIF23,2
2834,KIF26A,2
2835,KIF3A,2
2836,KIT,2
2837,KLC1,2
2838,KLC4,2
2839,KLF6,2
2840,KLF9,2
2841,KLHDC8B,2
2842,KLHL18,2
2843,KLHL26,2
2844,KMT2B,2
2845,KPNA4,2
2846,KPNB1,2
2847,KRAS,2
2848,KRTAP11-1,2
2849,KRTAP26-1,2
2850,KRTAP4-6,2
2851,KSR1,2
2852,KTI12,2
2853,KY,2
2854,L3MBTL3,2
2855,LAMC3,2
2856,LAMP1,2
2857,LAMP3,2
2858,LAMTOR4,2
2859,LARGE2,2
2860,LDAH,2
2861,LDLRAD2,2
2862,LDLRAD3,2
2863,LDLRAP1,2
2864,LEMD3,2
2865,LETM2,2
2866,LGI1,2
2867,LGR5,2
2868,LHFPL5,2
2869,LHFPL6,2
2870,LHPP,2
2871,LHX1,2
2872,LHX3,2
2873,LHX8,2
2874,LHX9,2
2875,LIN7A,2
2876,LIN9,2
2877,LIPE,2
2878,LMAN2L,2
2879,LMBR1,2
2880,LMNTD1,2
2881,LMTK2,2
2882,LMX1A,2
2883,LMX1B,2
2884,LNPEP,2
2885,LOC100130451,2
2886,LOC100996842,2
2887,LOC110117498-PIK3R3,2
2888,LOC283710,2
2889,LOC339862,2
2890,LOC390877,2
2891,LOXL2,2
2892,LRFN2,2
2893,LRIG2,2
2894,LRIG3,2
2895,LRP10,2
2896,LRRC1,2
2897,LRRC27,2
2898,LRRC4,2
2899,LRRC40,2
2900,LRRC7,2
2901,LRRC8C,2
2902,LRRN3,2
2903,LSAMP,2
2904,LSM12,2
2905,LSMEM1,2
2906,LURAP1L,2
2907,LY9,2
2908,LYPLA1,2
2909,LYRM7,2
2910,LYZL4,2
2911,LZTS3,2
2912,MAB21L2,2
2913,MACC1,2
2914,MACF1,2
2915,MACO1,2
2916,MAFB,2
2917,MAGI1,2
2918,MAGOHB,2
2919,MAK,2
2920,MALT1,2
2921,MAML3,2
2922,MAMSTR,2
2923,MAN1C1,2
2924,MAN2A1,2
2925,MAN2A2,2
2926,MAP2K4,2
2927,MAP2K6,2
2928,MAP3K5,2
2929,MAP7D2,2
2930,MAP7D3,2
2931,MAPK6,2
2932,MAPKAP1,2
2933,MARVELD3,2
2934,MAST3,2
2935,MAU2,2
2936,MB21D2,2
2937,MBD5,2
2938,MBOAT1,2
2939,MBP,2
2940,MBTD1,2
2941,MCFD2,2
2942,MCRIP1,2
2943,MCTP1,2
2944,MCU,2
2945,MED19,2
2946,MEF2C,2
2947,MEF2D,2
2948,MEGF6,2
2949,MEIOB,2
2950,MEMO1,2
2951,MET,2
2952,METAP1,2
2953,METAP2,2
2954,MEX3D,2
2955,MFAP3,2
2956,MFN1,2
2957,MGAT5,2
2958,MID1IP1,2
2959,MID2,2
2960,MIEF2,2
2961,MIPOL1,2
2962,MIS12,2
2963,MITF,2
2964,MKNK1,2
2965,MKRN1,2
2966,MKRN3,2
2967,MLEC,2
2968,MMGT1,2
2969,MMP15,2
2970,MMP24,2
2971,MNT,2
2972,MOB1A,2
2973,MOG,2
2974,MORN4,2
2975,MPZL3,2
2976,MREG,2
2977,MROH9,2
2978,MRPL43,2
2979,MRPS2,2
2980,MS4A10,2
2981,MS4A2,2
2982,MSMO1,2
2983,MSTN,2
2984,MTAP,2
2985,MTFR1L,2
2986,MTMR1,2
2987,MTMR11,2
2988,MTMR6,2
2989,MTSS1L,2
2990,MVB12B,2
2991,MXD3,2
2992,MXI1,2
2993,MYCBP2,2
2994,MYEF2,2
2995,MYH9,2
2996,MYLK,2
2997,MYLK3,2
2998,MYO1C,2
2999,MYO1D,2
3000,MYO1H,2
3001,MYOZ2,2
3002,MZT1,2
3003,N4BP1,2
3004,NAA30,2
3005,NABP1,2
3006,NACC1,2
3007,NADK,2
3008,NAT1,2
3009,NAT8L,2
3010,NCAPH2,2
3011,NCBP3,2
3012,NCOA1,2
3013,NCOA4,2
3014,NCS1,2
3015,NDC1,2
3016,NDFIP1,2
3017,NDP,2
3018,NDRG4,2
3019,NEDD4L,2
3020,NEGR1,2
3021,NEIL2,2
3022,NEK7,2
3023,NEK9,2
3024,NEO1,2
3025,NEUROD4,2
3026,NEUROD6,2
3027,NEUROG1,2
3028,NFE2L1,2
3029,NFIX,2
3030,NFRKB,2
3031,NFS1,2
3032,NFX1,2
3033,NFYC,2
3034,NHLRC2,2
3035,NID1,2
3036,NID2,2
3037,NIM1K,2
3038,NISCH,2
3039,NKAPD1,2
3040,NKX2-2,2
3041,NLGN1,2
3042,NLGN3,2
3043,NMD3,2
3044,NME4,2
3045,NME7,2
3046,NMNAT2,2
3047,NOB1,2
3048,NOL4,2
3049,NONO,2
3050,NOS1,2
3051,NOX4,2
3052,NPEPL1,2
3053,NPTX1,2
3054,NR1D2,2
3055,NR3C1,2
3056,NR4A2,2
3057,NR4A3,2
3058,NRBF2,2
3059,NREP,2
3060,NRG3,2
3061,NRG4,2
3062,NRN1,2
3063,NRP1,2
3064,NSD3,2
3065,NSF,2
3066,NT5E,2
3067,NUDT11,2
3068,NUDT4,2
3069,NUP50,2
3070,NUP93,2
3071,NUS1,2
3072,NXPH1,2
3073,OGA,2
3074,OGFOD3,2
3075,OLFM3,2
3076,OOEP,2
3077,OSBP,2
3078,OSBPL11,2
3079,OSBPL3,2
3080,OSCAR,2
3081,OSCP1,2
3082,OSMR,2
3083,OSTM1,2
3084,OTUD1,2
3085,OTUD5,2
3086,OTUD6A,2
3087,OTULIN,2
3088,OTX1,2
3089,OVOL1,2
3090,P3H2,2
3091,P4HA2,2
3092,PAAF1,2
3093,PABPC4L,2
3094,PACS2,2
3095,PACSIN2,2
3096,PAFAH2,2
3097,PAGR1,2
3098,PAIP2,2
3099,PAK2,2
3100,PAK6,2
3101,PAN2,2
3102,PANK3,2
3103,PAPOLG,2
3104,PAPPA,2
3105,PAPPA2,2
3106,PAPSS2,2
3107,PAQR3,2
3108,PARD6B,2
3109,PARM1,2
3110,PARP12,2
3111,PARP8,2
3112,PATE2,2
3113,PAX6,2
3114,PAX7,2
3115,PBOV1,2
3116,PBRM1,2
3117,PCDH11X,2
3118,PCDH11Y,2
3119,PCDH15,2
3120,PCDH18,2
3121,PCK1,2
3122,PCLAF,2
3123,PCMTD2,2
3124,PCTP,2
3125,PCYT1B,2
3126,PDAP1,2
3127,PDCD1,2
3128,PDCD11,2
3129,PDCD1LG2,2
3130,PDCD4,2
3131,PDE4A,2
3132,PDE4DIP,2
3133,PDGFRB,2
3134,PDP2,2
3135,PDS5A,2
3136,PEA15,2
3137,PELI2,2
3138,PGBD2,2
3139,PGGT1B,2
3140,PGM1,2
3141,PGP,2
3142,PHC3,2
3143,PHF19,2
3144,PHF2,2
3145,PHLDA1,2
3146,PHLPP2,2
3147,PI4K2B,2
3148,PI4KA,2
3149,PI4KB,2
3150,PIANP,2
3151,PICALM,2
3152,PIEZO2,2
3153,PIGB,2
3154,PIGS,2
3155,PIK3C2B,2
3156,PIK3CD,2
3157,PIP4K2A,2
3158,PIP4K2B,2
3159,PIP5K1B,2
3160,PIP5K1C,2
3161,PISD,2
3162,PITPNC1,2
3163,PITPNM3,2
3164,PITX1,2
3165,PKD2,2
3166,PKHD1,2
3167,PKN2,2
3168,PKNOX1,2
3169,PLAA,2
3170,PLAGL1,2
3171,PLBD2,2
3172,PLCG2,2
3173,PLEKHA8,2
3174,PLEKHG1,2
3175,PLEKHG3,2
3176,PLEKHM1,2
3177,PLEKHO2,2
3178,PLPP5,2
3179,PLRG1,2
3180,PLXNA1,2
3181,PMEPA1,2
3182,PMM1,2
3183,PNN,2
3184,PNPLA1,2
3185,PNPLA6,2
3186,POLK,2
3187,POLR2M,2
3188,POLR3F,2
3189,POLR3H,2
3190,POSTN,2
3191,POU3F3,2
3192,PPARGC1A,2
3193,PPFIA1,2
3194,PPID,2
3195,PPIF,2
3196,PPIL3,2
3197,PPIL4,2
3198,PPIP5K2,2
3199,PPM1H,2
3200,PPM1K,2
3201,PPM1L,2
3202,PPP1R11,2
3203,PPP1R12B,2
3204,PPP1R16B,2
3205,PPP1R18,2
3206,PPP2CB,2
3207,PPP2R1A,2
3208,PPP2R5A,2
3209,PPP2R5E,2
3210,PPP3CA,2
3211,PPP4R4,2
3212,PPP6R1,2
3213,PPP6R2,2
3214,PPT2,2
3215,PRDM15,2
3216,PRDM4,2
3217,PRELID2,2
3218,PREX2,2
3219,PRG4,2
3220,PRICKLE1,2
3221,PRKD1,2
3222,PRKRA,2
3223,PROM1,2
3224,PRPF40A,2
3225,PRR13,2
3226,PSAP,2
3227,PSAT1,2
3228,PSD,2
3229,PSKH1,2
3230,PSMD12,2
3231,PSME3,2
3232,PTF1A,2
3233,PTGER4,2
3234,PTGS2,2
3235,PTH,2
3236,PTPDC1,2
3237,PTPRG,2
3238,PTPRR,2
3239,PTX3,2
3240,PURB,2
3241,PUS7,2
3242,PWWP2B,2
3243,PWWP3B,2
3244,PXMP4,2
3245,PXYLP1,2
3246,PYGB,2
3247,PYGO2,2
3248,RAB11FIP4,2
3249,RAB32,2
3250,RAB34,2
3251,RAB35,2
3252,RAB38,2
3253,RAB39A,2
3254,RAB40A,2
3255,RAB40AL,2
3256,RAB40B,2
3257,RAB4A,2
3258,RAB5A,2
3259,RAB5B,2
3260,RAB6B,2
3261,RAB8A,2
3262,RAB9A,2
3263,RABGAP1,2
3264,RACGAP1,2
3265,RAD21,2
3266,RAD51D,2
3267,RAD54B,2
3268,RAD54L2,2
3269,RAD9A,2
3270,RAI2,2
3271,RALGAPB,2
3272,RANBP9,2
3273,RARG,2
3274,RARRES1,2
3275,RASSF2,2
3276,RASSF3,2
3277,RASSF5,2
3278,RASSF8,2
3279,RBAK,2
3280,RBBP8,2
3281,RBL2,2
3282,RBM24,2
3283,RBM25,2
3284,RBM27,2
3285,RBM33,2
3286,RBM48,2
3287,RBM6,2
3288,RBMS2,2
3289,RBMS3,2
3290,RCAN3,2
3291,RCBTB1,2
3292,RCHY1,2
3293,RDH13,2
3294,RECK,2
3295,RELN,2
3296,RELT,2
3297,RERE,2
3298,RETREG2,2
3299,RFK,2
3300,RFTN2,2
3301,RFX1,2
3302,RFX4,2
3303,RFX6,2
3304,RGP1,2
3305,RGPD6,2
3306,RGS22,2
3307,RGS3,2
3308,RGS5,2
3309,RGS7BP,2
3310,RHOU,2
3311,RHPN1,2
3312,RIMKLA,2
3313,RIMKLB,2
3314,RIMS2,2
3315,RIN2,2
3316,RLF,2
3317,RMND5A,2
3318,RNASEL,2
3319,RND3,2
3320,RNF10,2
3321,RNF103-CHMP3,2
3322,RNF11,2
3323,RNF122,2
3324,RNF125,2
3325,RNF144B,2
3326,RNF145,2
3327,RNF157,2
3328,RNF168,2
3329,RNF180,2
3330,RNF183,2
3331,RNF19A,2
3332,RNF216,2
3333,RNF220,2
3334,RNF26,2
3335,RNF4,2
3336,RNF41,2
3337,RNF43,2
3338,ROBO1,2
3339,ROCK1,2
3340,RPGRIP1L,2
3341,RPL22L1,2
3342,RPL37,2
3343,RPRD1B,2
3344,RRAD,2
3345,RRAGA,2
3346,RRN3,2
3347,RS1,2
3348,RTF1,2
3349,RTKN2,2
3350,RTN1,2
3351,RTN4IP1,2
3352,RTN4R,2
3353,RUFY3,2
3354,RUNDC1,2
3355,RUNX3,2
3356,SACM1L,2
3357,SAMHD1,2
3358,SAP30BP,2
3359,SAV1,2
3360,SCAF4,2
3361,SCAMP1,2
3362,SCARA5,2
3363,SCHIP1,2
3364,SCN1B,2
3365,SCYL2,2
3366,SCYL3,2
3367,SDAD1,2
3368,SEC11A,2
3369,SEC14L4,2
3370,SEC14L5,2
3371,SEC24C,2
3372,SEC24D,2
3373,SEC31A,2
3374,SEC61A2,2
3375,SECISBP2L,2
3376,SEL1L,2
3377,SELENOO,2
3378,SELENOT,2
3379,SEMA4F,2
3380,SEMA4G,2
3381,SENP1,2
3382,SENP2,2
3383,SENP6,2
3384,SEPHS1,2
3385,SEPT2,2
3386,SERAC1,2
3387,SERINC3,2
3388,SERPINB9,2
3389,SERTAD2,2
3390,SET,2
3391,SETDB2,2
3392,SFXN1,2
3393,SGCA,2
3394,SGCB,2
3395,SGPL1,2
3396,SGPP1,2
3397,SH2D2A,2
3398,SH3GL2,2
3399,SH3RF3,2
3400,SHC3,2
3401,SHISA3,2
3402,SHISA6,2
3403,SHOX,2
3404,SHTN1,2
3405,SIAH1,2
3406,SIGMAR1,2
3407,SIK2,2
3408,SIM1,2
3409,SIRT4,2
3410,SIX1,2
3411,SKIDA1,2
3412,SKP2,2
3413,SLC10A7,2
3414,SLC12A5,2
3415,SLC12A7,2
3416,SLC13A3,2
3417,SLC14A1,2
3418,SLC15A4,2
3419,SLC16A14,2
3420,SLC16A6,2
3421,SLC17A6,2
3422,SLC1A3,2
3423,SLC1A4,2
3424,SLC22A17,2
3425,SLC23A2,2
3426,SLC25A14,2
3427,SLC25A16,2
3428,SLC25A22,2
3429,SLC25A32,2
3430,SLC25A42,2
3431,SLC26A2,2
3432,SLC30A3,2
3433,SLC30A8,2
3434,SLC31A1,2
3435,SLC35A4,2
3436,SLC35C1,2
3437,SLC35D1,2
3438,SLC35F3,2
3439,SLC37A1,2
3440,SLC38A4,2
3441,SLC40A1,2
3442,SLC43A2,2
3443,SLC45A2,2
3444,SLC46A3,2
3445,SLC49A4,2
3446,SLC5A3,2
3447,SLC6A15,2
3448,SLC6A3,2
3449,SLC7A1,2
3450,SLC7A10,2
3451,SLC9A1,2
3452,SLC9A7,2
3453,SLC9B2,2
3454,SLCO6A1,2
3455,SLITRK1,2
3456,SLITRK4,2
3457,SLK,2
3458,SLMAP,2
3459,SMAD2,2
3460,SMARCA5,2
3461,SMARCD1,2
3462,SMCHD1,2
3463,SMG1,2
3464,SMG7,2
3465,SMIM15,2
3466,SMIM21,2
3467,SMOC1,2
3468,SMOC2,2
3469,SMPD1,2
3470,SNAP25,2
3471,SNAP47,2
3472,SNAPIN,2
3473,SNCG,2
3474,SNRPA1,2
3475,SNX10,2
3476,SNX13,2
3477,SNX2,2
3478,SNX25,2
3479,SNX31,2
3480,SOCS2,2
3481,SOGA3,2
3482,SOWAHA,2
3483,SOX13,2
3484,SP1,2
3485,SPAG7,2
3486,SPART,2
3487,SPCS3,2
3488,SPHKAP,2
3489,SPOCK1,2
3490,SPOCK3,2
3491,SPOPL,2
3492,SPPL3,2
3493,SPRED2,2
3494,SPRR2B,2
3495,SPRTN,2
3496,SPTBN4,2
3497,SPTLC1,2
3498,SPTLC2,2
3499,SPTLC3,2
3500,SRGAP1,2
3501,SRGAP2,2
3502,SRGAP2B,2
3503,SRGAP2C,2
3504,SRPK2,2
3505,SRPRB,2
3506,SRSF1,2
3507,SRSF2,2
3508,SRSF6,2
3509,SRSF8,2
3510,SS18,2
3511,SS18L1,2
3512,SSR3,2
3513,SSRP1,2
3514,SSTR3,2
3515,SSU72,2
3516,ST7,2
3517,ST7L,2
3518,ST8SIA1,2
3519,STEAP4,2
3520,STK38,2
3521,STMP1,2
3522,STON2,2
3523,STRADB,2
3524,STRIP1,2
3525,STX12,2
3526,STX2,2
3527,STX6,2
3528,STXBP1,2
3529,STXBP3,2
3530,STXBP6,2
3531,SUB1,2
3532,SUCO,2
3533,SUMO3,2
3534,SUN1,2
3535,SUV39H2,2
3536,SVEP1,2
3537,SWSAP1,2
3538,SYBU,2
3539,SYDE1,2
3540,SYDE2,2
3541,SYNGR3,2
3542,SYS1,2
3543,SYT2,2
3544,SYT3,2
3545,TADA2B,2
3546,TAF1,2
3547,TAF4,2
3548,TAGAP,2
3549,TARBP1,2
3550,TARBP2,2
3551,TATDN3,2
3552,TBC1D10B,2
3553,TBC1D15,2
3554,TBC1D16,2
3555,TBC1D25,2
3556,TBC1D2B,2
3557,TBC1D8B,2
3558,TBP,2
3559,TBRG1,2
3560,TBX3,2
3561,TCAIM,2
3562,TCTN3,2
3563,TDRP,2
3564,TEAD3,2
3565,TENM2,2
3566,TENT5B,2
3567,TEPSIN,2
3568,TES,2
3569,TEX19,2
3570,TFAP2A,2
3571,TFAP2D,2
3572,TFB2M,2
3573,TGFA,2
3574,TGFBI,2
3575,TGFBRAP1,2
3576,TGIF2LY,2
3577,THAP6,2
3578,THBS2,2
3579,THUMPD3,2
3580,TIMM10B,2
3581,TIMM17A,2
3582,TIMP2,2
3583,TJP1,2
3584,TKTL2,2
3585,TLN2,2
3586,TM4SF1,2
3587,TM4SF20,2
3588,TM7SF3,2
3589,TM9SF3,2
3590,TMC7,2
3591,TMEM100,2
3592,TMEM117,2
3593,TMEM138,2
3594,TMEM151B,2
3595,TMEM154,2
3596,TMEM161B,2
3597,TMEM164,2
3598,TMEM181,2
3599,TMEM184A,2
3600,TMEM199,2
3601,TMEM201,2
3602,TMEM221,2
3603,TMEM250,2
3604,TMEM267,2
3605,TMEM268,2
3606,TMEM45A,2
3607,TMEM56-RWDD3,2
3608,TMEM63B,2
3609,TMEM64,2
3610,TMEM65,2
3611,TMEM74B,2
3612,TMEM86A,2
3613,TMEM87B,2
3614,TMEM9B,2
3615,TMF1,2
3616,TMPRSS15,2
3617,TMSB4Y,2
3618,TNFAIP3,2
3619,TNFAIP8L3,2
3620,TNFRSF11A,2
3621,TNFRSF1B,2
3622,TNFSF13B,2
3623,TNIP1,2
3624,TNRC6A,2
3625,TNS3,2
3626,TNXB,2
3627,TOB2,2
3628,TOM1,2
3629,TOM1L1,2
3630,TOMM20,2
3631,TOR1AIP2,2
3632,TOX3,2
3633,TP53INP2,2
3634,TP63,2
3635,TPCN1,2
3636,TPGS2,2
3637,TPM2,2
3638,TPPP,2
3639,TPPP3,2
3640,TPRG1L,2
3641,TRA2B,2
3642,TRAF1,2
3643,TRAM1,2
3644,TRAM2,2
3645,TRANK1,2
3646,TREML4,2
3647,TRIB2,2
3648,TRIM22,2
3649,TRIM35,2
3650,TRIM44,2
3651,TRIQK,2
3652,TRMT13,2
3653,TRPC1,2
3654,TRPC3,2
3655,TRPC5OS,2
3656,TRPM7,2
3657,TRPS1,2
3658,TSEN15,2
3659,TSHZ3,2
3660,TSPAN12,2
3661,TSPAN14,2
3662,TSPOAP1,2
3663,TSPYL2,2
3664,TSPYL5,2
3665,TTBK1,2
3666,TTC21B,2
3667,TTC25,2
3668,TTC28,2
3669,TTC39A,2
3670,TTC8,2
3671,TTLL2,2
3672,TTPAL,2
3673,TUBA1A,2
3674,TUBA4A,2
3675,TUBB6,2
3676,TUFT1,2
3677,TUT4,2
3678,TVP23B,2
3679,TXNDC17,2
3680,TYW1,2
3681,TYW1B,2
3682,UBE2A,2
3683,UBE2B,2
3684,UBE2F,2
3685,UBE2I,2
3686,UBE2Q1,2
3687,UBE2R2,2
3688,UBE2V2,2
3689,UBE4A,2
3690,UBQLNL,2
3691,UBXN2B,2
3692,UBXN4,2
3693,UCHL5,2
3694,UGGT1,2
3695,UGP2,2
3696,UGT8,2
3697,UHRF1BP1,2
3698,UMOD,2
3699,UNC5A,2
3700,UNC5B,2
3701,UPK1B,2
3702,USF3,2
3703,USO1,2
3704,USP14,2
3705,USP22,2
3706,USP25,2
3707,USP33,2
3708,USP34,2
3709,USP48,2
3710,USP6NL,2
3711,USP8,2
3712,USP9Y,2
3713,UST,2
3714,UTP23,2
3715,UTP25,2
3716,UVSSA,2
3717,UXS1,2
3718,VAMP2,2
3719,VAMP8,2
3720,VAPA,2
3721,VAT1,2
3722,VAT1L,2
3723,VCL,2
3724,VCPIP1,2
3725,VDAC2,2
3726,VEGFD,2
3727,VIM,2
3728,VIP,2
3729,VLDLR,2
3730,VPS13A,2
3731,VPS26B,2
3732,VPS33B,2
3733,VPS35,2
3734,VPS37A,2
3735,VPS37B,2
3736,VPS41,2
3737,VPS4A,2
3738,VPS4B,2
3739,VSIR,2
3740,VSTM2A,2
3741,VSTM4,2
3742,VTA1,2
3743,VTCN1,2
3744,VTI1B,2
3745,VWA5B2,2
3746,VWA8,2
3747,WAPL,2
3748,WASHC4,2
3749,WBP11,2
3750,WDFY1,2
3751,WDR1,2
3752,WDR35,2
3753,WDR36,2
3754,WDR41,2
3755,WDR64,2
3756,WDR7,2
3757,WNT10A,2
3758,WNT3A,2
3759,WNT4,2
3760,WNT7A,2
3761,WNT7B,2
3762,WWOX,2
3763,WWP2,2
3764,XDH,2
3765,XKR4,2
3766,XKR6,2
3767,XKR7,2
3768,XPO1,2
3769,XPO7,2
3770,XRN1,2
3771,YBX3,2
3772,YIF1B,2
3773,YIPF4,2
3774,YIPF6,2
3775,YRDC,2
3776,YTHDF2,2
3777,YWHAH,2
3778,YWHAQ,2
3779,YY1,2
3780,YY2,2
3781,ZBTB33,2
3782,ZBTB4,2
3783,ZBTB6,2
3784,ZBTB9,2
3785,ZC3H12B,2
3786,ZC3H13,2
3787,ZC3H7B,2
3788,ZDHHC14,2
3789,ZDHHC16,2
3790,ZDHHC17,2
3791,ZDHHC20,2
3792,ZDHHC5,2
3793,ZDHHC7,2
3794,ZDHHC8,2
3795,ZEB1,2
3796,ZFAND1,2
3797,ZFP36L2,2
3798,ZFP82,2
3799,ZFYVE1,2
3800,ZKSCAN7,2
3801,ZMIZ1,2
3802,ZMYM3,2
3803,ZNF107,2
3804,ZNF117,2
3805,ZNF124,2
3806,ZNF131,2
3807,ZNF138,2
3808,ZNF148,2
3809,ZNF197,2
3810,ZNF20,2
3811,ZNF200,2
3812,ZNF24,2
3813,ZNF250,2
3814,ZNF260,2
3815,ZNF267,2
3816,ZNF280D,2
3817,ZNF3,2
3818,ZNF326,2
3819,ZNF366,2
3820,ZNF382,2
3821,ZNF385C,2
3822,ZNF385D,2
3823,ZNF423,2
3824,ZNF436,2
3825,ZNF441,2
3826,ZNF445,2
3827,ZNF449,2
3828,ZNF486,2
3829,ZNF493,2
3830,ZNF497,2
3831,ZNF510,2
3832,ZNF532,2
3833,ZNF550,2
3834,ZNF566,2
3835,ZNF577,2
3836,ZNF594,2
3837,ZNF597,2
3838,ZNF618,2
3839,ZNF621,2
3840,ZNF622,2
3841,ZNF626,2
3842,ZNF662,2
3843,ZNF670,2
3844,ZNF676,2
3845,ZNF684,2
3846,ZNF691,2
3847,ZNF705A,2
3848,ZNF705D,2
3849,ZNF705E,2
3850,ZNF716,2
3851,ZNF721,2
3852,ZNF772,2
3853,ZNF783,2
3854,ZNF805,2
3855,ZNF816,2
3856,ZNF829,2
3857,ZNF831,2
3858,ZNF844,2
3859,ZNF862,2
3860,ZNHIT6,2
3861,ZPBP2,2
3862,ZSCAN31,2
3863,ZSWIM3,2
3864,ZSWIM5,2
3865,ZSWIM6,2
3866,ZXDA,2
3867,ZZZ3,2
3868,AADAC,1
3869,AADACL3,1
3870,AAR2,1
3871,AASDH,1
3872,ABAT,1
3873,ABCA12,1
3874,ABCA3,1
3875,ABCA5,1
3876,ABCB6,1
3877,ABCC2,1
3878,ABCC3,1
3879,ABCD1,1
3880,ABCD2,1
3881,ABCD3,1
3882,ABCG1,1
3883,ABCG5,1
3884,ABHD10,1
3885,ABHD15,1
3886,ABHD17B,1
3887,ABHD18,1
3888,ABHD3,1
3889,ABHD6,1
3890,ABI1,1
3891,ABLIM1,1
3892,ABLIM3,1
3893,ABRA,1
3894,ACAD11,1
3895,ACADSB,1
3896,ACAP2,1
3897,ACAP3,1
3898,ACER2,1
3899,ACHE,1
3900,ACOX3,1
3901,ACP1,1
3902,ACSL6,1
3903,ACSM3,1
3904,ACSS1,1
3905,ACTB,1
3906,ACTN2,1
3907,ACTN3,1
3908,ACTN4,1
3909,ACVRL1,1
3910,ADAL,1
3911,ADAM17,1
3912,ADAM18,1
3913,ADAMTS15,1
3914,ADAMTS18,1
3915,ADAMTS19,1
3916,ADAMTS2,1
3917,ADAMTS7,1
3918,ADAMTS8,1
3919,ADARB1,1
3920,ADAT2,1
3921,ADCK1,1
3922,ADCY7,1
3923,ADD1,1
3924,ADGRA1,1
3925,ADGRE3,1
3926,ADGRF1,1
3927,ADGRF2,1
3928,ADGRG5,1
3929,ADGRL2,1
3930,ADGRL3,1
3931,ADGRL4,1
3932,ADH5,1
3933,ADIPOQ,1
3934,ADIPOR2,1
3935,ADM,1
3936,ADNP,1
3937,ADPRHL1,1
3938,ADRM1,1
3939,ADTRP,1
3940,AFAP1L1,1
3941,AFTPH,1
3942,AGA,1
3943,AGAP1,1
3944,AGBL3,1
3945,AGER,1
3946,AGK,1
3947,AGPAT4,1
3948,AGRN,1
3949,AGTR1,1
3950,AHR,1
3951,AHSA2P,1
3952,AIMP2,1
3953,AJAP1,1
3954,AK1,1
3955,AKAP10,1
3956,AKAP7,1
3957,AKIRIN2,1
3958,AKT2,1
3959,ALCAM,1
3960,ALDH1A2,1
3961,ALDH2,1
3962,ALDH3A2,1
3963,ALDH5A1,1
3964,ALDOB,1
3965,ALG1,1
3966,ALG13,1
3967,ALG6,1
3968,ALKAL1,1
3969,ALKAL2,1
3970,ALPG,1
3971,ALPK2,1
3972,ALS2,1
3973,ALS2CL,1
3974,AMFR,1
3975,AMIGO2,1
3976,AMOTL2,1
3977,AMPH,1
3978,ANAPC1,1
3979,ANGEL1,1
3980,ANGPT1,1
3981,ANGPT2,1
3982,ANGPTL1,1
3983,ANGPTL2,1
3984,ANK1,1
3985,ANKHD1-EIF4EBP3,1
3986,ANKRD12,1
3987,ANKRD20A1,1
3988,ANKRD20A2,1
3989,ANKRD20A3,1
3990,ANKRD20A4,1
3991,ANKRD22,1
3992,ANKRD27,1
3993,ANKRD40,1
3994,ANO1,1
3995,ANP32A,1
3996,ANTXR1,1
3997,ANXA10,1
3998,ANXA13,1
3999,ANXA7,1
4000,AP1AR,1
4001,AP2A1,1
4002,AP3D1,1
4003,AP3M1,1
4004,AP3S2,1
4005,AP4M1,1
4006,AP4S1,1
4007,APAF1,1
4008,APCDD1,1
4009,APCDD1L,1
4010,APOBEC3F,1
4011,APOL6,1
4012,APOOL,1
4013,AQP5,1
4014,AQP8,1
4015,AQR,1
4016,ARAF,1
4017,ARC,1
4018,ARF3,1
4019,ARF5,1
4020,ARFGAP1,1
4021,ARFGAP3,1
4022,ARFRP1,1
4023,ARGFX,1
4024,ARHGAP11A,1
4025,ARHGAP18,1
4026,ARHGAP23,1
4027,ARHGAP36,1
4028,ARHGAP42,1
4029,ARHGEF17,1
4030,ARHGEF40,1
4031,ARHGEF7,1
4032,ARID3A,1
4033,ARIH2,1
4034,ARL10,1
4035,ARL13B,1
4036,ARL14,1
4037,ARL15,1
4038,ARL17A,1
4039,ARL2BP,1
4040,ARL4C,1
4041,ARL6IP1,1
4042,ARL8A,1
4043,ARL8B,1
4044,ARMC5,1
4045,ARMH3,1
4046,ARMT1,1
4047,ARNTL2,1
4048,ARPC2,1
4049,ARPC5,1
4050,ARPIN-AP3S2,1
4051,ARRB1,1
4052,ARSD,1
4053,ARSF,1
4054,ARVCF,1
4055,ARX,1
4056,ASB2,1
4057,ASB5,1
4058,ASCC1,1
4059,ASF1A,1
4060,ASH2L,1
4061,ASIC1,1
4062,ASNA1,1
4063,ATAD1,1
4064,ATAD5,1
4065,ATAT1,1
4066,ATE1,1
4067,ATF1,1
4068,ATF7,1
4069,ATF7IP,1
4070,ATF7IP2,1
4071,ATG10,1
4072,ATG4C,1
4073,ATMIN,1
4074,ATOH8,1
4075,ATP10A,1
4076,ATP10D,1
4077,ATP11B,1
4078,ATP2A3,1
4079,ATP5F1B,1
4080,ATP5MC1,1
4081,ATP5MC2,1
4082,ATP6AP1L,1
4083,ATP6V0E2,1
4084,ATP6V1A,1
4085,ATP6V1C1,1
4086,ATP6V1D,1
4087,ATP6V1FNB,1
4088,ATP6V1G1,1
4089,ATP6V1H,1
4090,ATP8A2,1
4091,ATP8B1,1
4092,ATP9A,1
4093,ATPAF1,1
4094,ATR,1
4095,ATXN10,1
4096,AUH,1
4097,AUTS2,1
4098,AVEN,1
4099,AVIL,1
4100,AXDND1,1
4101,AXL,1
4102,B3GALNT1,1
4103,B3GALT2,1
4104,B3GNT7,1
4105,B4GALNT1,1
4106,B4GALT4,1
4107,BAALC,1
4108,BACH1,1
4109,BAGE2,1
4110,BAK1,1
4111,BAMBI,1
4112,BANP,1
4113,BAX,1
4114,BAZ1A,1
4115,BAZ2A,1
4116,BCAN,1
4117,BCAR3,1
4118,BCAT2,1
4119,BCCIP,1
4120,BCL2L12,1
4121,BCL2L14,1
4122,BCL2L15,1
4123,BCL3,1
4124,BCL6,1
4125,BCORL1,1
4126,BDKRB2,1
4127,BEGAIN,1
4128,BEND3,1
4129,BEND7,1
4130,BEST4,1
4131,BHLHE40,1
4132,BICRA,1
4133,BID,1
4134,BIRC2,1
4135,BIRC6,1
4136,BLMH,1
4137,BLOC1S2,1
4138,BMF,1
4139,BMP1,1
4140,BMP8A,1
4141,BMPER,1
4142,BOD1L1,1
4143,BOD1L2,1
4144,BOK,1
4145,BOLL,1
4146,BPHL,1
4147,BRCA1,1
4148,BRD2,1
4149,BRD3,1
4150,BRD4,1
4151,BRI3,1
4152,BRINP1,1
4153,BRINP2,1
4154,BRIP1,1
4155,BRMS1L,1
4156,BRPF1,1
4157,BRPF3,1
4158,BSDC1,1
4159,BSPRY,1
4160,BTBD2,1
4161,C10orf53,1
4162,C10orf55,1
4163,C10orf71,1
4164,C10orf88,1
4165,C11orf21,1
4166,C11orf54,1
4167,C11orf86,1
4168,C11orf95,1
4169,C11orf96,1
4170,C12orf4,1
4171,C12orf40,1
4172,C12orf49,1
4173,C12orf66,1
4174,C12orf73,1
4175,C12orf75,1
4176,C14orf39,1
4177,C15orf48,1
4178,C16orf45,1
4179,C17orf49,1
4180,C17orf51,1
4181,C17orf75,1
4182,C17orf80,1
4183,C19orf12,1
4184,C19orf47,1
4185,C19orf48,1
4186,C19orf73,1
4187,C1orf189,1
4188,C1orf198,1
4189,C1QL1,1
4190,C1QTNF6,1
4191,C1QTNF7,1
4192,C1S,1
4193,C20orf203,1
4194,C20orf96,1
4195,C22orf24,1
4196,C22orf46,1
4197,C2CD2,1
4198,C2CD3,1
4199,C2CD4A,1
4200,C2orf40,1
4201,C2orf66,1
4202,C2orf68,1
4203,C2orf73,1
4204,C2orf83,1
4205,C2orf88,1
4206,C3orf70,1
4207,C4orf46,1
4208,C5orf15,1
4209,C5orf51,1
4210,C5orf66,1
4211,C6orf106,1
4212,C6orf120,1
4213,C7orf25,1
4214,C7orf31,1
4215,C7orf69,1
4216,C8A,1
4217,C8orf34,1
4218,C8orf76,1
4219,C9orf3,1
4220,C9orf47,1
4221,CA10,1
4222,CA13,1
4223,CA3,1
4224,CA7,1
4225,CAB39L,1
4226,CABIN1,1
4227,CABS1,1
4228,CACFD1,1
4229,CACNA1I,1
4230,CACNG6,1
4231,CALB2,1
4232,CALHM5,1
4233,CALM2,1
4234,CALM3,1
4235,CALN1,1
4236,CAMLG,1
4237,CAP1,1
4238,CAPN11,1
4239,CAPN14,1
4240,CAPN15,1
4241,CAPN2,1
4242,CAPN7,1
4243,CAPN8,1
4244,CAPNS1,1
4245,CAPS2,1
4246,CAPSL,1
4247,CARD18,1
4248,CARD8,1
4249,CARMIL1,1
4250,CASC4,1
4251,CASP10,1
4252,CASP2,1
4253,CASP9,1
4254,CASTOR1,1
4255,CASTOR3,1
4256,CAT,1
4257,CATIP,1
4258,CATSPERG,1
4259,CAV3,1
4260,CAVIN2,1
4261,CBLIF,1
4262,CBLN2,1
4263,CBLN4,1
4264,CBR4,1
4265,CBWD5,1
4266,CBWD6,1
4267,CBX5,1
4268,CC2D1A,1
4269,CC2D2A,1
4270,CCAR1,1
4271,CCDC103,1
4272,CCDC110,1
4273,CCDC113,1
4274,CCDC120,1
4275,CCDC137,1
4276,CCDC138,1
4277,CCDC14,1
4278,CCDC148,1
4279,CCDC152,1
4280,CCDC158,1
4281,CCDC169,1
4282,CCDC173,1
4283,CCDC177,1
4284,CCDC184,1
4285,CCDC189,1
4286,CCDC190,1
4287,CCDC198,1
4288,CCDC30,1
4289,CCDC33,1
4290,CCDC34,1
4291,CCDC40,1
4292,CCDC47,1
4293,CCDC50,1
4294,CCDC80,1
4295,CCDC89,1
4296,CCER1,1
4297,CCL16,1
4298,CCL18,1
4299,CCL19,1
4300,CCL28,1
4301,CCL4L2,1
4302,CCM2,1
4303,CCN2,1
4304,CCN4,1
4305,CCNA1,1
4306,CCNC,1
4307,CCNI2,1
4308,CCNL1,1
4309,CCNL2,1
4310,CCPG1,1
4311,CCR2,1
4312,CCR6,1
4313,CCR9,1
4314,CCSAP,1
4315,CCT8,1
4316,CD109,1
4317,CD163,1
4318,CD164,1
4319,CD1C,1
4320,CD200,1
4321,CD244,1
4322,CD274,1
4323,CD276,1
4324,CD300LF,1
4325,CD34,1
4326,CD36,1
4327,CD44,1
4328,CD55,1
4329,CD58,1
4330,CD6,1
4331,CD86,1
4332,CD93,1
4333,CD96,1
4334,CD99,1
4335,CDC123,1
4336,CDC14B,1
4337,CDC40,1
4338,CDC42EP3,1
4339,CDC42SE1,1
4340,CDC73,1
4341,CDCA7L,1
4342,CDH10,1
4343,CDH13,1
4344,CDH4,1
4345,CDH5,1
4346,CDH7,1
4347,CDK12,1
4348,CDK13,1
4349,CDK5RAP3,1
4350,CDKL2,1
4351,CDKL4,1
4352,CDKN1B,1
4353,CDKN1C,1
4354,CDO1,1
4355,CDON,1
4356,CDR2,1
4357,CDYL,1
4358,CDYL2,1
4359,CEACAM1,1
4360,CEACAM19,1
4361,CEACAM8,1
4362,CEBPA,1
4363,CEBPB,1
4364,CELF1,1
4365,CELF3,1
4366,CELF5,1
4367,CELF6,1
4368,CEMIP2,1
4369,CENPA,1
4370,CENPJ,1
4371,CENPO,1
4372,CENPS-CORT,1
4373,CEP104,1
4374,CEP112,1
4375,CEP120,1
4376,CEP126,1
4377,CEP135,1
4378,CEP152,1
4379,CEP170B,1
4380,CEP192,1
4381,CEP44,1
4382,CEP63,1
4383,CEP68,1
4384,CEP76,1
4385,CEP85,1
4386,CERCAM,1
4387,CERS3,1
4388,CERS5,1
4389,CES5A,1
4390,CFAP20,1
4391,CFAP206,1
4392,CFAP300,1
4393,CFAP44,1
4394,CFDP1,1
4395,CFHR2,1
4396,CFLAR,1
4397,CFTR,1
4398,CH25H,1
4399,CHAC2,1
4400,CHCHD10,1
4401,CHCHD3,1
4402,CHCHD4,1
4403,CHIA,1
4404,CHM,1
4405,CHML,1
4406,CHMP1A,1
4407,CHMP5,1
4408,CHMP6,1
4409,CHMP7,1
4410,CHN2,1
4411,CHRM2,1
4412,CHRM5,1
4413,CHRNA4,1
4414,CHST11,1
4415,CHST12,1
4416,CHST3,1
4417,CHST6,1
4418,CHST7,1
4419,CHST9,1
4420,CHSY1,1
4421,CHSY3,1
4422,CIB2,1
4423,CIDEA,1
4424,CILP2,1
4425,CIP2A,1
4426,CIR1,1
4427,CISD1,1
4428,CISD3,1
4429,CIT,1
4430,CITED2,1
4431,CKAP4,1
4432,CLCF1,1
4433,CLDN1,1
4434,CLDN8,1
4435,CLEC12B,1
4436,CLEC16A,1
4437,CLEC18A,1
4438,CLEC2D,1
4439,CLEC2L,1
4440,CLEC3A,1
4441,CLEC4F,1
4442,CLIC5,1
4443,CLK2,1
4444,CLMP,1
4445,CLN6,1
4446,CLNS1A,1
4447,CLRN1,1
4448,CLSTN1,1
4449,CLTA,1
4450,CLUL1,1
4451,CLVS1,1
4452,CMBL,1
4453,CMPK2,1
4454,CMTR1,1
4455,CMTR2,1
4456,CMYA5,1
4457,CNDP1,1
4458,CNGA2,1
4459,CNIH4,1
4460,CNN3,1
4461,CNOT8,1
4462,CNPY2,1
4463,CNPY3,1
4464,CNRIP1,1
4465,CNTFR,1
4466,CNTN4,1
4467,CNTNAP3,1
4468,CNTNAP4,1
4469,COA5,1
4470,COBL,1
4471,COG3,1
4472,COL11A2,1
4473,COL15A1,1
4474,COL1A1,1
4475,COL22A1,1
4476,COL23A1,1
4477,COL2A1,1
4478,COL3A1,1
4479,COL4A2,1
4480,COL4A4,1
4481,COL4A5,1
4482,COL4A6,1
4483,COL5A3,1
4484,COL6A1,1
4485,COL6A2,1
4486,COL6A3,1
4487,COL6A6,1
4488,COL7A1,1
4489,COL8A1,1
4490,COL9A1,1
4491,COLCA1,1
4492,COLGALT2,1
4493,COLQ,1
4494,COMMD10,1
4495,COMMD7,1
4496,COPS2,1
4497,CORO2A,1
4498,CORT,1
4499,COTL1,1
4500,COX10,1
4501,COX15,1
4502,COX16,1
4503,COX20,1
4504,CPLX1,1
4505,CPLX2,1
4506,CPLX3,1
4507,CPM,1
4508,CPNE3,1
4509,CPPED1,1
4510,CPSF4,1
4511,CPXM2,1
4512,CRADD,1
4513,CRAMP1,1
4514,CRB1,1
4515,CRCP,1
4516,CRCT1,1
4517,CREBBP,1
4518,CREBZF,1
4519,CREM,1
4520,CRHBP,1
4521,CRIPT,1
4522,CRISPLD2,1
4523,CRMP1,1
4524,CROT,1
4525,CRYBG1,1
4526,CRYGS,1
4527,CRYL1,1
4528,CS,1
4529,CSF2RB,1
4530,CSGALNACT2,1
4531,CSMD2,1
4532,CSMD3,1
4533,CSNK1D,1
4534,CSPP1,1
4535,CSRNP2,1
4536,CSRNP3,1
4537,CSRP2,1
4538,CSTB,1
4539,CTBP2,1
4540,CTDSP1,1
4541,CTH,1
4542,CTIF,1
4543,CTNNA1,1
4544,CTNNBIP1,1
4545,CTNND1,1
4546,CTSD,1
4547,CTSK,1
4548,CTSS,1
4549,CTSZ,1
4550,CWC27,1
4551,CWF19L2,1
4552,CXCL10,1
4553,CXCL11,1
4554,CXCL5,1
4555,CXCL6,1
4556,CXCL8,1
4557,CXCR6,1
4558,CYB561D2,1
4559,CYB5R3,1
4560,CYBRD1,1
4561,CYP7B1,1
4562,CYP8B1,1
4563,CYSTM1,1
4564,CYTIP,1
4565,CYYR1,1
4566,CZIB,1
4567,DACH2,1
4568,DAD1,1
4569,DALRD3,1
4570,DAO,1
4571,DAOA,1
4572,DAP,1
4573,DAPK1,1
4574,DARS,1
4575,DAXX,1
4576,DAZL,1
4577,DBF4,1
4578,DBNDD1,1
4579,DBNDD2,1
4580,DCAF12,1
4581,DCAF12L1,1
4582,DCAF17,1
4583,DCAF4,1
4584,DCAF6,1
4585,DCAF8L1,1
4586,DCC,1
4587,DCDC1,1
4588,DCDC2,1
4589,DCLK2,1
4590,DCTN5,1
4591,DCUN1D5,1
4592,DDC,1
4593,DDHD1,1
4594,DDHD2,1
4595,DDI2,1
4596,DDR1,1
4597,DDX39B,1
4598,DDX46,1
4599,DDX47,1
4600,DECR2,1
4601,DEGS1,1
4602,DEK,1
4603,DELE1,1
4604,DENND1A,1
4605,DENND2D,1
4606,DENND3,1
4607,DENND4B,1
4608,DENND5B,1
4609,DENND6B,1
4610,DEPDC1,1
4611,DERL3,1
4612,DET1,1
4613,DEXI,1
4614,DGCR2,1
4615,DGCR6,1
4616,DGCR6L,1
4617,DGKI,1
4618,DGKK,1
4619,DGKZ,1
4620,DHRS11,1
4621,DHRS12,1
4622,DHRS3,1
4623,DHRSX,1
4624,DHTKD1,1
4625,DHX40,1
4626,DHX8,1
4627,DHX9,1
4628,DIAPH3,1
4629,DIDO1,1
4630,DIMT1,1
4631,DIP2B,1
4632,DISP3,1
4633,DKK2,1
4634,DLAT,1
4635,DLD,1
4636,DLG3,1
4637,DLGAP3,1
4638,DLX1,1
4639,DLX3,1
4640,DLX5,1
4641,DMAC1,1
4642,DMBX1,1
4643,DMXL1,1
4644,DNAH14,1
4645,DNAI1,1
4646,DNAJB1,1
4647,DNAJB11,1
4648,DNAJB12,1
4649,DNAJB3,1
4650,DNAJB7,1
4651,DNAJC10,1
4652,DNAJC30,1
4653,DNAJC8,1
4654,DNAJC9,1
4655,DNASE2,1
4656,DNER,1
4657,DNM1,1
4658,DNM2,1
4659,DNMBP,1
4660,DOC2B,1
4661,DOK6,1
4662,DPP10,1
4663,DPP4,1
4664,DPP9-AS1,1
4665,DPY19L2,1
4666,DPY30,1
4667,DQX1,1
4668,DSC2,1
4669,DSC3,1
4670,DSCAM,1
4671,DSCC1,1
4672,DSG3,1
4673,DSP,1
4674,DTD1,1
4675,DTD2,1
4676,DTL,1
4677,DTX2,1
4678,DUOX1,1
4679,DUS2,1
4680,DUSP10,1
4681,DUSP16,1
4682,DUSP3,1
4683,DUSP6,1
4684,DUSP7,1
4685,DUXA,1
4686,DYM,1
4687,DYNC1LI1,1
4688,DYNLRB1,1
4689,DYNLT1,1
4690,DYRK4,1
4691,E2F2,1
4692,E2F5,1
4693,EAF1,1
4694,EBF1,1
4695,ECE1,1
4696,ECHDC1,1
4697,ECM2,1
4698,ECT2L,1
4699,EDARADD,1
4700,EDEM1,1
4701,EDF1,1
4702,EDIL3,1
4703,EDNRB,1
4704,EEF2K,1
4705,EEPD1,1
4706,EFCAB11,1
4707,EFCAB14,1
4708,EFCAB9,1
4709,EFEMP1,1
4710,EFHC2,1
4711,EFHD2,1
4712,EFNA4,1
4713,EFNB3,1
4714,EFR3B,1
4715,EGR1,1
4716,EGR2,1
4717,EHBP1,1
4718,EHD2,1
4719,EHD3,1
4720,EHD4,1
4721,EHF,1
4722,EHHADH,1
4723,EHMT1,1
4724,EID2B,1
4725,EIF1B,1
4726,EIF2AK3,1
4727,EIF2B1,1
4728,EIF2S1,1
4729,EIF2S3,1
4730,EIF3J,1
4731,EIF4B,1
4732,EIF4EBP2,1
4733,EIF4EBP3,1
4734,EIF5B,1
4735,ELAVL3,1
4736,ELF1,1
4737,ELF2,1
4738,ELMOD3,1
4739,ELN,1
4740,ELOVL6,1
4741,ELP5,1
4742,EMC7,1
4743,EMCN,1
4744,EML2,1
4745,EML5,1
4746,EMP2,1
4747,EMSY,1
4748,ENC1,1
4749,ENDOD1,1
4750,ENDOV,1
4751,ENG,1
4752,ENHO,1
4753,ENOX1,1
4754,ENPP1,1
4755,ENPP3,1
4756,ENTR1,1
4757,ENY2,1
4758,EP300,1
4759,EPB41L3,1
4760,EPB41L4A,1
4761,EPGN,1
4762,EPN1,1
4763,EPS8,1
4764,ERAP1,1
4765,ERCC6,1
4766,ERCC8,1
4767,ERFE,1
4768,ERGIC2,1
4769,ERI1,1
4770,ERMAP,1
4771,ERMN,1
4772,ERMP1,1
4773,ERO1A,1
4774,ERVH48-1,1
4775,ESCO2,1
4776,ESM1,1
4777,ESPNL,1
4778,ESYT1,1
4779,ETHE1,1
4780,ETS1,1
4781,ETV3L,1
4782,ETV4,1
4783,ETV6,1
4784,EVA1C,1
4785,EVC2,1
4786,EVI5L,1
4787,EXOC4,1
4788,EXOC6B,1
4789,EXOSC3,1
4790,EXPH5,1
4791,EYA2,1
4792,EYA3,1
4793,EZR,1
4794,F8,1
4795,F9,1
4796,FA2H,1
4797,FAAH2,1
4798,FAF2,1
4799,FAHD1,1
4800,FAIM,1
4801,FAIM2,1
4802,FAM117A,1
4803,FAM120A,1
4804,FAM120AOS,1
4805,FAM120B,1
4806,FAM122C,1
4807,FAM124B,1
4808,FAM126A,1
4809,FAM131B,1
4810,FAM135B,1
4811,FAM13A,1
4812,FAM13C,1
4813,FAM149B1,1
4814,FAM155B,1
4815,FAM160A2,1
4816,FAM169B,1
4817,FAM171A1,1
4818,FAM177A1,1
4819,FAM177B,1
4820,FAM184A,1
4821,FAM193B,1
4822,FAM19A3,1
4823,FAM19A4,1
4824,FAM20B,1
4825,FAM20C,1
4826,FAM217B,1
4827,FAM222A,1
4828,FAM228A,1
4829,FAM229B,1
4830,FAM234B,1
4831,FAM240A,1
4832,FAM45A,1
4833,FAM47E-STBD1,1
4834,FAM53B,1
4835,FAM53C,1
4836,FAM57A,1
4837,FAM57B,1
4838,FAM71F1,1
4839,FAM78A,1
4840,FAM83B,1
4841,FAM83D,1
4842,FAM83H,1
4843,FAM98B,1
4844,FAN1,1
4845,FANCF,1
4846,FANCM,1
4847,FANK1,1
4848,FASLG,1
4849,FASTKD2,1
4850,FBLN5,1
4851,FBP1,1
4852,FBRS,1
4853,FBRSL1,1
4854,FBXL14,1
4855,FBXL7,1
4856,FBXO16,1
4857,FBXO30,1
4858,FBXO4,1
4859,FBXW9,1
4860,FCHO2,1
4861,FCN1,1
4862,FDX2,1
4863,FDXACB1,1
4864,FECH,1
4865,FEM1B,1
4866,FER,1
4867,FETUB,1
4868,FGD4,1
4869,FH,1
4870,FHDC1,1
4871,FHIT,1
4872,FHL2,1
4873,FHL5,1
4874,FIGN,1
4875,FIGNL2,1
4876,FKBP15,1
4877,FKBP4,1
4878,FKBP5,1
4879,FKRP,1
4880,FKTN,1
4881,FLI1,1
4882,FLNC,1
4883,FLRT3,1
4884,FMN1,1
4885,FMN2,1
4886,FMR1NB,1
4887,FN3KRP,1
4888,FNBP4,1
4889,FNDC4,1
4890,FNDC7,1
4891,FNDC8,1
4892,FNIP1,1
4893,FOLH1,1
4894,FOLH1B,1
4895,FOSL2,1
4896,FOXD4,1
4897,FOXD4L1,1
4898,FOXF1,1
4899,FOXL2NB,1
4900,FOXO4,1
4901,FOXP4,1
4902,FOXQ1,1
4903,FOXRED2,1
4904,FPGT,1
4905,FPR2,1
4906,FRA10AC1,1
4907,FRAT2,1
4908,FREM2,1
4909,FREM3,1
4910,FRMD4B,1
4911,FRMD5,1
4912,FRMD7,1
4913,FRMPD3,1
4914,FRMPD4,1
4915,FSCN1,1
4916,FSD1L,1
4917,FST,1
4918,FSTL5,1
4919,FTO,1
4920,FUCA2,1
4921,FUNDC1,1
4922,FUT2,1
4923,FUT4,1
4924,FXYD6,1
4925,FZD1,1
4926,FZD10,1
4927,FZD4,1
4928,FZD5,1
4929,GAA,1
4930,GAB2,1
4931,GAB4,1
4932,GABBR1,1
4933,GABPA,1
4934,GABPB2,1
4935,GABRA3,1
4936,GABRA5,1
4937,GABRB2,1
4938,GABRB3,1
4939,GAD1,1
4940,GADD45A,1
4941,GAGE1,1
4942,GAL3ST4,1
4943,GALNT10,1
4944,GALNT18,1
4945,GALNT4,1
4946,GALR1,1
4947,GAN,1
4948,GAPVD1,1
4949,GAS2,1
4950,GATA2,1
4951,GATA4,1
4952,GATA5,1
4953,GATD3A,1
4954,GCK,1
4955,GCNT1,1
4956,GCSAM,1
4957,GCSH,1
4958,GDA,1
4959,GDAP1,1
4960,GDF11,1
4961,GDF5,1
4962,GDI1,1
4963,GEMIN2,1
4964,Gene Symbol,1
4965,GET4,1
4966,GGCX,1
4967,GGPS1,1
4968,GHRHR,1
4969,GIMAP2,1
4970,GIMAP6,1
4971,GINS1,1
4972,GINS3,1
4973,GJB2,1
4974,GJB4,1
4975,GKN1,1
4976,GKN2,1
4977,GLB1L2,1
4978,GLG1,1
4979,GLIPR1L1,1
4980,GLIS2,1
4981,GLOD5,1
4982,GLRA1,1
4983,GLRA2,1
4984,GLS,1
4985,GLUD2,1
4986,GLYAT,1
4987,GLYATL1,1
4988,GM2A,1
4989,GMCL1,1
4990,GMEB2,1
4991,GMFB,1
4992,GMNN,1
4993,GMPR,1
4994,GNAL,1
4995,GNAO1,1
4996,GNAS,1
4997,GNB2,1
4998,GNB3,1
4999,GNG12,1
5000,GNG2,1
5001,GNL3L,1
5002,GNRH1,1
5003,GNRHR,1
5004,GOLGA3,1
5005,GOLGA6A,1
5006,GOLGA6B,1
5007,GOLGA6D,1
5008,GOLGA6L10,1
5009,GOLGA6L4,1
5010,GOLGA7B,1
5011,GOLGA8J,1
5012,GOLGA8M,1
5013,GOLGA8N,1
5014,GOLGA8O,1
5015,GOLGA8R,1
5016,GOLPH3,1
5017,GOPC,1
5018,GORAB,1
5019,GORASP2,1
5020,GOT2,1
5021,GPBP1L1,1
5022,GPC1,1
5023,GPC2,1
5024,GPD1,1
5025,GPR137B,1
5026,GPR137C,1
5027,GPR153,1
5028,GPR17,1
5029,GPR19,1
5030,GPR37,1
5031,GPR6,1
5032,GPR75-ASB3,1
5033,GPX7,1
5034,GPX8,1
5035,GRAMD1C,1
5036,GRAMD2A,1
5037,GRAMD4,1
5038,GRAP2,1
5039,GRHL2,1
5040,GRHL3,1
5041,GRIA1,1
5042,GRIA4,1
5043,GRID1,1
5044,GRIK2,1
5045,GRIK3,1
5046,GRIK4,1
5047,GRIK5,1
5048,GRIN3A,1
5049,GRK2,1
5050,GSC,1
5051,GSDMD,1
5052,GSE1,1
5053,GSTA4,1
5054,GSTM3,1
5055,GTDC1,1
5056,GTF2H3,1
5057,GTF2I,1
5058,GTPBP2,1
5059,GTPBP3,1
5060,GUCD1,1
5061,GUCY1A2,1
5062,GUCY2C,1
5063,GULP1,1
5064,GVQW2,1
5065,GXYLT2,1
5066,GZF1,1
5067,H2AFV,1
5068,H2AFY,1
5069,H2AFY2,1
5070,H2AFZ,1
5071,H3F3A,1
5072,H6PD,1
5073,HABP4,1
5074,HACE1,1
5075,HADHB,1
5076,HAPLN3,1
5077,HAPLN4,1
5078,HCN1,1
5079,HCN2,1
5080,HDAC2,1
5081,HDAC5,1
5082,HDGFL3,1
5083,HDHD2,1
5084,HDHD5,1
5085,HDLBP,1
5086,HEATR5A,1
5087,HEPACAM2,1
5088,HERC4,1
5089,HERPUD1,1
5090,HERPUD2,1
5091,HES2,1
5092,HEXB,1
5093,HFE,1
5094,HFM1,1
5095,HHEX,1
5096,HHIP,1
5097,HIC1,1
5098,HINT3,1
5099,HIP1R,1
5100,HIVEP2,1
5101,HK1,1
5102,HLA-DOB,1
5103,HLF,1
5104,HMCN1,1
5105,HMG20A,1
5106,HMGB1,1
5107,HMGB3,1
5108,HMGCR,1
5109,HMGCS1,1
5110,HMGCS2,1
5111,HMGN4,1
5112,HMGXB3,1
5113,HMGXB4,1
5114,HMX2,1
5115,HNF1B,1
5116,HNRNPA1L2,1
5117,HNRNPA2B1,1
5118,HNRNPA3,1
5119,HNRNPC,1
5120,HNRNPH2,1
5121,HNRNPH3,1
5122,HNRNPM,1
5123,HNRNPR,1
5124,HNRNPU,1
5125,HNRNPUL1,1
5126,HOMER3,1
5127,HOOK1,1
5128,HORMAD1,1
5129,HOXA11,1
5130,HOXA13,1
5131,HOXA5,1
5132,HOXB5,1
5133,HOXB8,1
5134,HOXB9,1
5135,HOXC11,1
5136,HOXC9,1
5137,HPCAL1,1
5138,HPGD,1
5139,HR,1
5140,HRK,1
5141,HS3ST3B1,1
5142,HSD11B1,1
5143,HSD11B2,1
5144,HSD17B11,1
5145,HSD17B14,1
5146,HSDL2,1
5147,HSF2,1
5148,HSF2BP,1
5149,HSPA12A,1
5150,HSPA13,1
5151,HSPA2,1
5152,HSPB7,1
5153,HSPBAP1,1
5154,HTR2C,1
5155,HTR6,1
5156,HTR7,1
5157,HUNK,1
5158,HVCN1,1
5159,IARS2,1
5160,IBTK,1
5161,ICA1L,1
5162,ICAM4,1
5163,ICMT,1
5164,ID1,1
5165,ID2,1
5166,IDH2,1
5167,IDNK,1
5168,IDO1,1
5169,IDS,1
5170,IER2,1
5171,IER3IP1,1
5172,IER5L,1
5173,IFFO1,1
5174,IFI30,1
5175,IFI44L,1
5176,IFIT1,1
5177,IFIT2,1
5178,IFITM10,1
5179,IFITM5,1
5180,IFNA10,1
5181,IFNA17,1
5182,IFNA4,1
5183,IFNA8,1
5184,IFNK,1
5185,IFNLR1,1
5186,IFNW1,1
5187,IFT57,1
5188,IFT81,1
5189,IGF2BP3,1
5190,IGFBP3,1
5191,IGFBP4,1
5192,IGIP,1
5193,IKBIP,1
5194,IKZF5,1
5195,IL13,1
5196,IL16,1
5197,IL17RA,1
5198,IL18R1,1
5199,IL19,1
5200,IL1A,1
5201,IL1R1,1
5202,IL20,1
5203,IL20RA,1
5204,IL21R,1
5205,IL22RA2,1
5206,IL25,1
5207,IL26,1
5208,IL36B,1
5209,IL6R,1
5210,IL7,1
5211,ILF2,1
5212,IMMP2L,1
5213,IMP4,1
5214,IMPA1,1
5215,IMPAD1,1
5216,INA,1
5217,INAFM1,1
5218,INAFM2,1
5219,INF2,1
5220,INO80C,1
5221,INPP5F,1
5222,INPP5K,1
5223,INSC,1
5224,INTS2,1
5225,IPCEF1,1
5226,IPMK,1
5227,IPO8,1
5228,IQCG,1
5229,IQCH,1
5230,IQCJ,1
5231,IQGAP3,1
5232,IQSEC1,1
5233,IQSEC2,1
5234,IQUB,1
5235,IRF1,1
5236,IRF2,1
5237,IRF8,1
5238,ISCU,1
5239,ISG20L2,1
5240,ISLR2,1
5241,ITFG2,1
5242,ITGA11,1
5243,ITGA3,1
5244,ITGA5,1
5245,ITGAV,1
5246,ITGB4,1
5247,ITGBL1,1
5248,ITIH5,1
5249,ITK,1
5250,ITM2B,1
5251,ITSN2,1
5252,JADE3,1
5253,JAG2,1
5254,JAK2,1
5255,JAKMIP1,1
5256,JAM2,1
5257,JMJD4,1
5258,JPH1,1
5259,JPH2,1
5260,JUNB,1
5261,KANSL1L,1
5262,KANSL2,1
5263,KANSL3,1
5264,KAT14,1
5265,KAT6A,1
5266,KAT6B,1
5267,KAT7,1
5268,KAZALD1,1
5269,KAZN,1
5270,KBTBD6,1
5271,KCNAB3,1
5272,KCNB2,1
5273,KCNC1,1
5274,KCND1,1
5275,KCNE1,1
5276,KCNG1,1
5277,KCNG3,1
5278,KCNH1,1
5279,KCNH5,1
5280,KCNH8,1
5281,KCNIP2,1
5282,KCNIP4,1
5283,KCNJ10,1
5284,KCNJ18,1
5285,KCNJ3,1
5286,KCNJ6,1
5287,KCNK9,1
5288,KCNQ2,1
5289,KCNQ4,1
5290,KCNRG,1
5291,KCNS1,1
5292,KCNS2,1
5293,KCTD10,1
5294,KCTD11,1
5295,KCTD12,1
5296,KCTD13,1
5297,KCTD2,1
5298,KCTD4,1
5299,KDELC1,1
5300,KDELC2,1
5301,KDM2B,1
5302,KDM3B,1
5303,KDM4A,1
5304,KDM4B,1
5305,KDM5B,1
5306,KDM5D,1
5307,KHDC4,1
5308,KHDRBS3,1
5309,KIAA0232,1
5310,KIAA0319L,1
5311,KIAA0895,1
5312,KIAA0895L,1
5313,KIAA1109,1
5314,KIAA1191,1
5315,KIAA1324,1
5316,KIAA1328,1
5317,KIAA1586,1
5318,KIAA1841,1
5319,KIAA2013,1
5320,KIF1BP,1
5321,KIF20A,1
5322,KIF24,1
5323,KIF26B,1
5324,KIF2A,1
5325,KIFAP3,1
5326,KIFC2,1
5327,KIN,1
5328,KIRREL3,1
5329,KITLG,1
5330,KLF11,1
5331,KLF14,1
5332,KLF15,1
5333,KLHDC1,1
5334,KLHDC10,1
5335,KLHDC3,1
5336,KLHDC8A,1
5337,KLHDC9,1
5338,KLHL14,1
5339,KLHL17,1
5340,KLHL21,1
5341,KLHL25,1
5342,KLHL29,1
5343,KLHL32,1
5344,KLHL36,1
5345,KLHL42,1
5346,KLHL5,1
5347,KLHL6,1
5348,KLHL7,1
5349,KLHL8,1
5350,KLK11,1
5351,KLK2,1
5352,KLRC4-KLRK1,1
5353,KLRD1,1
5354,KLRF1,1
5355,KLRG1,1
5356,KLRK1,1
5357,KMT2E,1
5358,KMT5A,1
5359,KMT5C,1
5360,KNOP1,1
5361,KNSTRN,1
5362,KPNA2,1
5363,KREMEN2,1
5364,KRT1,1
5365,KRT23,1
5366,KRT26,1
5367,KRT76,1
5368,KRT80,1
5369,KRTAP1-5,1
5370,KRTAP13-2,1
5371,KRTAP19-3,1
5372,KRTAP2-3,1
5373,KRTAP3-1,1
5374,KRTAP4-1,1
5375,KRTAP4-3,1
5376,KRTAP5-5,1
5377,KRTAP9-2,1
5378,KRTAP9-3,1
5379,KRTAP9-4,1
5380,KRTAP9-8,1
5381,KSR2,1
5382,KXD1,1
5383,L2HGDH,1
5384,L3HYPDH,1
5385,L3MBTL4,1
5386,LACTB,1
5387,LAMA2,1
5388,LAMB4,1
5389,LAMP5,1
5390,LAMTOR1,1
5391,LAMTOR5,1
5392,LANCL3,1
5393,LARP4B,1
5394,LARS2,1
5395,LASP1,1
5396,LAT2,1
5397,LAX1,1
5398,LBH,1
5399,LBR,1
5400,LCN1,1
5401,LCT,1
5402,LDOC1,1
5403,LEF1,1
5404,LEKR1,1
5405,LENG9,1
5406,LEP,1
5407,LEPR,1
5408,LGI3,1
5409,LHFPL3,1
5410,LHX6,1
5411,LIF,1
5412,LILRA1,1
5413,LILRA2,1
5414,LILRA4,1
5415,LILRB2,1
5416,LIN52,1
5417,LIN7C,1
5418,LIPA,1
5419,LIPH,1
5420,LLCFC1,1
5421,LLGL1,1
5422,LLGL2,1
5423,LMNB1,1
5424,LMO2,1
5425,LMO3,1
5426,LNPK,1
5427,LOC100132813,1
5428,LOC100287896,1
5429,LOC102723360,1
5430,LOC102724219,1
5431,LOC102724265,1
5432,LOC102724843,1
5433,LOC102724951,1
5434,LOC389602,1
5435,LOC441155,1
5436,LONP2,1
5437,LONRF2,1
5438,LOXL4,1
5439,LPCAT2,1
5440,LPIN1,1
5441,LPL,1
5442,LRAT,1
5443,LRFN1,1
5444,LRP2BP,1
5445,LRP4,1
5446,LRP8,1
5447,LRPPRC,1
5448,LRRC20,1
5449,LRRC3,1
5450,LRRC38,1
5451,LRRC39,1
5452,LRRC57,1
5453,LRRC58,1
5454,LRRC6,1
5455,LRRC75A,1
5456,LRRC8E,1
5457,LRRFIP1,1
5458,LRRN1,1
5459,LRRN2,1
5460,LSM14B,1
5461,LSM4,1
5462,LSM8,1
5463,LYRM9,1
5464,LYSMD1,1
5465,M1AP,1
5466,MAB21L3,1
5467,MACROD2,1
5468,MAD2L1,1
5469,MAD2L2,1
5470,MAF,1
5471,MAGEB18,1
5472,MAGEC2,1
5473,MAGEH1,1
5474,MAGEL2,1
5475,MAK16,1
5476,MAN1A1,1
5477,MAN1B1,1
5478,MANEA,1
5479,MAOA,1
5480,MAOB,1
5481,MAP10,1
5482,MAP1LC3A,1
5483,MAP1LC3C,1
5484,MAP2,1
5485,MAP3K11,1
5486,MAP3K14,1
5487,MAP3K15,1
5488,MAP3K19,1
5489,MAP3K3,1
5490,MAP3K8,1
5491,MAP4,1
5492,MAP4K2,1
5493,MAP4K3,1
5494,MAP4K5,1
5495,MAP7D1,1
5496,MAP9,1
5497,MAPK13,1
5498,MAPK14,1
5499,MAPK1IP1L,1
5500,MAPK3,1
5501,MAPKBP1,1
5502,MAPRE2,1
5503,MAPRE3,1
5504,MARCH1,1
5505,MARCH11,1
5506,MARCH7,1
5507,MARCKS,1
5508,MARF1,1
5509,MASTL,1
5510,MAT2B,1
5511,MATN2,1
5512,MATN3,1
5513,MAX,1
5514,MBD6,1
5515,MBL2,1
5516,MBLAC2,1
5517,MBOAT2,1
5518,MCC,1
5519,MCMDC2,1
5520,MCOLN2,1
5521,MCOLN3,1
5522,MCPH1,1
5523,MCTS1,1
5524,MDGA2,1
5525,MDM1,1
5526,MDM2,1
5527,ME2,1
5528,MEAF6,1
5529,MED13L,1
5530,MED14,1
5531,MED20,1
5532,MED22,1
5533,MED28,1
5534,MED8,1
5535,MED9,1
5536,MEDAG,1
5537,MELK,1
5538,MEPE,1
5539,MEST,1
5540,METRN,1
5541,METTL14,1
5542,METTL15,1
5543,METTL25,1
5544,METTL4,1
5545,MEX3A,1
5546,MFAP3L,1
5547,MFSD11,1
5548,MFSD14B,1
5549,MFSD4B,1
5550,MGA,1
5551,MGAM,1
5552,MGAT2,1
5553,MGAT5B,1
5554,MGLL,1
5555,MGRN1,1
5556,MICAL1,1
5557,MICAL3,1
5558,MICOS10,1
5559,MICU1,1
5560,MID1,1
5561,MIER2,1
5562,MINDY3,1
5563,MINK1,1
5564,MINPP1,1
5565,MIOS,1
5566,MIP,1
5567,MIS18BP1,1
5568,MISP3,1
5569,MKNK2,1
5570,MKRN2OS,1
5571,MLF1,1
5572,MLH3,1
5573,MLIP,1
5574,MLLT1,1
5575,MLLT3,1
5576,MLX,1
5577,MLXIPL,1
5578,MMAA,1
5579,MMAB,1
5580,MMP10,1
5581,MMP13,1
5582,MMP21,1
5583,MMP7,1
5584,MMRN2,1
5585,MN1,1
5586,MOAP1,1
5587,MOB1B,1
5588,MOB2,1
5589,MOB3A,1
5590,MOCS2,1
5591,MORC2,1
5592,MORC4,1
5593,MORF4L1,1
5594,MORF4L2,1
5595,MPC1,1
5596,MPEG1,1
5597,MPI,1
5598,MPL,1
5599,MPP1,1
5600,MPP2,1
5601,MPP5,1
5602,MPPE1,1
5603,MPPED2,1
5604,MPRIP,1
5605,MRC2,1
5606,MRFAP1,1
5607,MRGBP,1
5608,MRI1,1
5609,MRM2,1
5610,MRPL15,1
5611,MRPL2,1
5612,MRPL42,1
5613,MRPL45,1
5614,MRPS36,1
5615,MRS2,1
5616,MS4A14,1
5617,MS4A6A,1
5618,MS4A7,1
5619,MSANTD4,1
5620,MSH2,1
5621,MSL2,1
5622,MSR1,1
5623,MST1L,1
5624,MST1R,1
5625,MSX1,1
5626,MT1A,1
5627,MT1X,1
5628,MT2A,1
5629,MTA1,1
5630,MTA2,1
5631,MTA3,1
5632,MTFMT,1
5633,MTFR1,1
5634,MTFR2,1
5635,MTG2,1
5636,MTHFD2,1
5637,MTHFSD,1
5638,MTMR2,1
5639,MTOR,1
5640,MTPN,1
5641,MTR,1
5642,MTREX,1
5643,MTRF1L,1
5644,MTRNR2L1,1
5645,MTRNR2L10,1
5646,MTRR,1
5647,MTTP,1
5648,MUC13,1
5649,MUC22,1
5650,MUL1,1
5651,MX2,1
5652,MXD4,1
5653,MYBPH,1
5654,MYCBP,1
5655,MYD88,1
5656,MYH10,1
5657,MYH14,1
5658,MYH15,1
5659,MYH3,1
5660,MYL12A,1
5661,MYNN,1
5662,MYO10,1
5663,MYO18A,1
5664,MYO1B,1
5665,MYO1E,1
5666,MYO3B,1
5667,MYO6,1
5668,MYO9B,1
5669,MYOT,1
5670,MYOZ3,1
5671,MYRF,1
5672,MYSM1,1
5673,MYZAP,1
5674,N4BP2L1,1
5675,N4BP3,1
5676,N6AMT1,1
5677,NAA35,1
5678,NAA40,1
5679,NAALAD2,1
5680,NAB1,1
5681,NACA,1
5682,NACA2,1
5683,NADK2,1
5684,NAGA,1
5685,NAGPA,1
5686,NAIP,1
5687,NAP1L1,1
5688,NAP1L5,1
5689,NASP,1
5690,NAT16,1
5691,NATD1,1
5692,NAXE,1
5693,NBEAL1,1
5694,NBEAL2,1
5695,NBPF1,1
5696,NBPF3,1
5697,NCAM2,1
5698,NCAPG,1
5699,NCBP2,1
5700,NCEH1,1
5701,NCK2,1
5702,NCKIPSD,1
5703,NCOA2,1
5704,NDFIP2,1
5705,NDN,1
5706,NDNF,1
5707,NDOR1,1
5708,NDST3,1
5709,NDUFA10,1
5710,NDUFA4,1
5711,NDUFAF6,1
5712,NDUFB2,1
5713,NDUFB5,1
5714,NDUFC2,1
5715,NEFH,1
5716,NEK1,1
5717,NEK11,1
5718,NEK4,1
5719,NEMF,1
5720,NEMP2,1
5721,NET1,1
5722,NETO1,1
5723,NETO2,1
5724,NEURL3,1
5725,NEUROD2,1
5726,NEXN,1
5727,NFAM1,1
5728,NFASC,1
5729,NFATC1,1
5730,NFATC2IP,1
5731,NFE4,1
5732,NFKBIZ,1
5733,NGRN,1
5734,NHLRC3,1
5735,NIF3L1,1
5736,NIP7,1
5737,NIPA2,1
5738,NIPAL1,1
5739,NIPBL,1
5740,NIPSNAP2,1
5741,NIPSNAP3B,1
5742,NKAIN2,1
5743,NKIRAS2,1
5744,NKRF,1
5745,NKX2-3,1
5746,NKX2-4,1
5747,NKX3-1,1
5748,NLGN4Y,1
5749,NMB,1
5750,NMBR,1
5751,NME2,1
5752,NME5,1
5753,NMNAT1,1
5754,NMRK1,1
5755,NMT2,1
5756,NMUR2,1
5757,NNAT,1
5758,NOCT,1
5759,NOG,1
5760,NOL7,1
5761,NOM1,1
5762,NOMO3,1
5763,NOXRED1,1
5764,NPAS2,1
5765,NPAS4,1
5766,NPAT,1
5767,NPC1,1
5768,NPHP3,1
5769,NPHP4,1
5770,NPM3,1
5771,NPR3,1
5772,NPY2R,1
5773,NR2C1,1
5774,NR2C2AP,1
5775,NRAS,1
5776,NRCAM,1
5777,NRF1,1
5778,NRG1,1
5779,NRSN1,1
5780,NRXN3,1
5781,NSMAF,1
5782,NSUN5,1
5783,NSUN6,1
5784,NT5C1B,1
5785,NT5C1B-RDH14,1
5786,NT5DC3,1
5787,NTM,1
5788,NUDCD3,1
5789,NUDT13,1
5790,NUDT15,1
5791,NUDT3,1
5792,NUDT5,1
5793,NUMBL,1
5794,NUP133,1
5795,NUP210,1
5796,NUP43,1
5797,NUP54,1
5798,NUP58,1
5799,NUP62CL,1
5800,NUPL2,1
5801,NVL,1
5802,NWD1,1
5803,NXPE3,1
5804,NXPH3,1
5805,OARD1,1
5806,OBSL1,1
5807,OCA2,1
5808,OCIAD1,1
5809,ODF2,1
5810,OGFRL1,1
5811,OLFM1,1
5812,OLIG3,1
5813,OPALIN,1
5814,OPN3,1
5815,OPRK1,1
5816,OR10W1,1
5817,OR11A1,1
5818,OR2A4,1
5819,OR6A2,1
5820,OR9Q1,1
5821,ORAI2,1
5822,ORC2,1
5823,ORMDL1,1
5824,OSBPL10,1
5825,OSBPL5,1
5826,OSER1,1
5827,OSGEPL1,1
5828,OSTC,1
5829,OTOGL,1
5830,OTUB1,1
5831,OTULINL,1
5832,OXCT1,1
5833,OXNAD1,1
5834,OXSR1,1
5835,P2RX5,1
5836,P2RX6,1
5837,P2RY1,1
5838,P2RY13,1
5839,P2RY2,1
5840,P3H3,1
5841,P4HA1,1
5842,PA2G4,1
5843,PABPC1L2A,1
5844,PABPC1L2B,1
5845,PABPC5,1
5846,PACRGL,1
5847,PACS1,1
5848,PACSIN1,1
5849,PALM,1
5850,PAN3,1
5851,PANX1,1
5852,PANX2,1
5853,PAPLN,1
5854,PAQR9,1
5855,PARD3B,1
5856,PARD6G,1
5857,PARG,1
5858,PARN,1
5859,PARP10,1
5860,PARP16,1
5861,PARPBP,1
5862,PASK,1
5863,PATE4,1
5864,PATL1,1
5865,PATL2,1
5866,PAX2,1
5867,PAX4,1
5868,PAXIP1,1
5869,PBDC1,1
5870,PBLD,1
5871,PBX3,1
5872,PBXIP1,1
5873,PCARE,1
5874,PCDH1,1
5875,PCDH12,1
5876,PCDH19,1
5877,PCDHB12,1
5878,PCDHB14,1
5879,PCDHB2,1
5880,PCDHB4,1
5881,PCDHB9,1
5882,PCDHGA12,1
5883,PCMTD1,1
5884,PCOLCE2,1
5885,PDCD2,1
5886,PDE10A,1
5887,PDE11A,1
5888,PDE12,1
5889,PDE1A,1
5890,PDE1C,1
5891,PDE3A,1
5892,PDE4B,1
5893,PDE6B,1
5894,PDE7B,1
5895,PDE8A,1
5896,PDGFB,1
5897,PDGFC,1
5898,PDGFD,1
5899,PDHX,1
5900,PDIA4,1
5901,PDLIM2,1
5902,PDP1,1
5903,PDPN,1
5904,PDRG1,1
5905,PDX1,1
5906,PDXK,1
5907,PDZD11,1
5908,PDZD2,1
5909,PDZRN4,1
5910,PEG10,1
5911,PEG3,1
5912,PELO,1
5913,PEPD,1
5914,PER3,1
5915,PEX11B,1
5916,PFKFB3,1
5917,PFKM,1
5918,PFN1,1
5919,PGAM1,1
5920,PGAM5,1
5921,PGAP2,1
5922,PGF,1
5923,PGM2,1
5924,PGM5,1
5925,PGS1,1
5926,PHACTR3,1
5927,PHAX,1
5928,PHC1,1
5929,PHC2,1
5930,PHETA1,1
5931,PHF11,1
5932,PHF21B,1
5933,PHF8,1
5934,PHKB,1
5935,PHLDA3,1
5936,PHLDB1,1
5937,PHLDB3,1
5938,PHOSPHO1,1
5939,PHYHD1,1
5940,PHYHIPL,1
5941,PIAS4,1
5942,PIGG,1
5943,PIGW,1
5944,PIH1D3,1
5945,PIK3AP1,1
5946,PIK3CG,1
5947,PIK3R2,1
5948,PIMREG,1
5949,PINX1,1
5950,PIRT,1
5951,PJVK,1
5952,PKD1,1
5953,PKD1L1,1
5954,PKIA,1
5955,PKIB,1
5956,PKIG,1
5957,PKNOX2,1
5958,PKP3,1
5959,PKP4,1
5960,PLA2G12A,1
5961,PLA2G12B,1
5962,PLA2G3,1
5963,PLA2R1,1
5964,PLAC8,1
5965,PLCB4,1
5966,PLCE1,1
5967,PLCG1,1
5968,PLCL1,1
5969,PLCXD2,1
5970,PLEC,1
5971,PLEKHA3,1
5972,PLEKHG4B,1
5973,PLEKHG5,1
5974,PLEKHG7,1
5975,PLEKHH2,1
5976,PLIN1,1
5977,PLIN3,1
5978,PLK1,1
5979,PLK4,1
5980,PLLP,1
5981,PLP1,1
5982,PLPBP,1
5983,PLPP4,1
5984,PLPPR1,1
5985,PLSCR3,1
5986,PLXDC1,1
5987,PLXNA3,1
5988,PLXND1,1
5989,PM20D1,1
5990,PML,1
5991,PMP2,1
5992,PMP22,1
5993,PMPCB,1
5994,PMS1,1
5995,PNMA5,1
5996,PNMA6A,1
5997,PNMA8A,1
5998,PNP,1
5999,PNPLA3,1
6000,PNPLA4,1
6001,PNPLA8,1
6002,PNPT1,1
6003,POC1B-GALNT4,1
6004,POFUT2,1
6005,POGK,1
6006,POLDIP2,1
6007,POLE3,1
6008,POLI,1
6009,POLQ,1
6010,POLR1A,1
6011,POLR1B,1
6012,POLR1D,1
6013,POLR2C,1
6014,POLR3A,1
6015,POLR3G,1
6016,POLR3K,1
6017,POM121L12,1
6018,POMGNT2,1
6019,POMP,1
6020,POP1,1
6021,POP7,1
6022,POU2AF1,1
6023,PPA2,1
6024,PPARA,1
6025,PPARG,1
6026,PPAT,1
6027,PPCS,1
6028,PPFIA3,1
6029,PPFIA4,1
6030,PPFIBP1,1
6031,PPHLN1,1
6032,PPIC,1
6033,PPM1G,1
6034,PPP1CC,1
6035,PPP1R10,1
6036,PPP1R12C,1
6037,PPP1R13B,1
6038,PPP1R13L,1
6039,PPP1R14C,1
6040,PPP1R1A,1
6041,PPP1R37,1
6042,PPP1R3A,1
6043,PPP1R3B,1
6044,PPP1R3C,1
6045,PPP1R3D,1
6046,PPP2R2A,1
6047,PPP2R5B,1
6048,PPP4R3B,1
6049,PQLC3,1
6050,PRAMEF1,1
6051,PRC1,1
6052,PRDM10,1
6053,PRDM16,1
6054,PRDM2,1
6055,PRDM5,1
6056,PRDM6,1
6057,PRDX5,1
6058,PRELID3B,1
6059,PREP,1
6060,PRG2,1
6061,PRIMA1,1
6062,PRKAB2,1
6063,PRKAR1B,1
6064,PRKAR2B,1
6065,PRKCH,1
6066,PRKCI,1
6067,PRKCSH,1
6068,PRKG2,1
6069,PRKX,1
6070,PRMT2,1
6071,PRMT5,1
6072,PROK2,1
6073,PRPF38B,1
6074,PRPF40B,1
6075,PRPF8,1
6076,PRPS1,1
6077,PRPS2,1
6078,PRR16,1
6079,PRR23B,1
6080,PRR3,1
6081,PRR9,1
6082,PRRC2B,1
6083,PRRT2,1
6084,PRRT3,1
6085,PRSS12,1
6086,PRSS21,1
6087,PRSS35,1
6088,PRUNE1,1
6089,PSAPL1,1
6090,PSEN1,1
6091,PSENEN,1
6092,PSG1,1
6093,PSG11,1
6094,PSG2,1
6095,PSG6,1
6096,PSG9,1
6097,PSIP1,1
6098,PSMA2,1
6099,PSMD10,1
6100,PSMD11,1
6101,PSMD14,1
6102,PSME4,1
6103,PSPC1,1
6104,PSTPIP2,1
6105,PTAFR,1
6106,PTBP1,1
6107,PTBP2,1
6108,PTCD2,1
6109,PTCHD1,1
6110,PTCHD4,1
6111,PTER,1
6112,PTGDR,1
6113,PTGER2,1
6114,PTGES2,1
6115,PTHLH,1
6116,PTK2,1
6117,PTK2B,1
6118,PTK6,1
6119,PTP4A2,1
6120,PTPA,1
6121,PTPMT1,1
6122,PTPN1,1
6123,PTPN2,1
6124,PTPN20,1
6125,PTPN21,1
6126,PTPN22,1
6127,PTPN5,1
6128,PTPN9,1
6129,PTPRT,1
6130,PUF60,1
6131,PUM2,1
6132,PUSL1,1
6133,PVR,1
6134,PXK,1
6135,PXN,1
6136,PYCR3,1
6137,PYGO1,1
6138,PYROXD1,1
6139,PYURF,1
6140,QDPR,1
6141,QRFPR,1
6142,R3HDM2,1
6143,R3HDM4,1
6144,RAB11A,1
6145,RAB11FIP3,1
6146,RAB13,1
6147,RAB22A,1
6148,RAB24,1
6149,RAB27A,1
6150,RAB28,1
6151,RAB29,1
6152,RAB2B,1
6153,RAB33B,1
6154,RAB36,1
6155,RAB37,1
6156,RAB39B,1
6157,RAB3D,1
6158,RAB3GAP1,1
6159,RAB3GAP2,1
6160,RAB40C,1
6161,RAB41,1
6162,RAB7A,1
6163,RABEP1,1
6164,RABEPK,1
6165,RABIF,1
6166,RABL3,1
6167,RAC1,1
6168,RAD51C,1
6169,RALBP1,1
6170,RALGAPA2,1
6171,RALGDS,1
6172,RAMAC,1
6173,RANBP1,1
6174,RANBP10,1
6175,RANBP17,1
6176,RANBP2,1
6177,RANBP3L,1
6178,RANBP6,1
6179,RAP1GAP2,1
6180,RAP1GDS1,1
6181,RAP2A,1
6182,RAPGEF1,1
6183,RAPGEF3,1
6184,RARA,1
6185,RASAL1,1
6186,RASAL2,1
6187,RASD2,1
6188,RASGRF2,1
6189,RASGRP3,1
6190,RASSF10,1
6191,RASSF4,1
6192,RASSF6,1
6193,RAVER2,1
6194,RB1,1
6195,RBBP7,1
6196,RBBP9,1
6197,RBFOX1,1
6198,RBL1,1
6199,RBM14,1
6200,RBM15,1
6201,RBM17,1
6202,RBM18,1
6203,RBM34,1
6204,RBM4,1
6205,RBMXL1,1
6206,RBPMS,1
6207,RBPMS2,1
6208,RCC1,1
6209,RCC1L,1
6210,RCC2,1
6211,RCCD1,1
6212,RCN2,1
6213,RCSD1,1
6214,RDH14,1
6215,RDX,1
6216,RECQL,1
6217,REEP5,1
6218,RELL1,1
6219,REPS1,1
6220,RERGL,1
6221,RETREG3,1
6222,REV1,1
6223,REXO1,1
6224,RFC5,1
6225,RFLNB,1
6226,RFPL4B,1
6227,RFT1,1
6228,RFTN1,1
6229,RFX2,1
6230,RFXAP,1
6231,RGCC,1
6232,RGPD1,1
6233,RGS10,1
6234,RGS17,1
6235,RGS6,1
6236,RHBDL2,1
6237,RHOA,1
6238,RHOBTB1,1
6239,RHOQ,1
6240,RHOT1,1
6241,RIC8A,1
6242,RIC8B,1
6243,RINT1,1
6244,RIPK1,1
6245,RIPOR3,1
6246,RNASE13,1
6247,RNASE9,1
6248,RNASEH2B,1
6249,RNF103,1
6250,RNF112,1
6251,RNF130,1
6252,RNF139,1
6253,RNF141,1
6254,RNF144A,1
6255,RNF146,1
6256,RNF150,1
6257,RNF167,1
6258,RNF208,1
6259,RNF219,1
6260,RNF24,1
6261,RNF39,1
6262,RNGTT,1
6263,RNH1,1
6264,RNPEP,1
6265,RORB,1
6266,RPA1,1
6267,RPGR,1
6268,RPL13A,1
6269,RPL15,1
6270,RPL27A,1
6271,RPL31,1
6272,RPL36A,1
6273,RPL36A-HNRNPH2,1
6274,RPL9,1
6275,RPN2,1
6276,RPP14,1
6277,RPS10-NUDT3,1
6278,RPS23,1
6279,RPS24,1
6280,RPS6KA4,1
6281,RPS6KL1,1
6282,RPUSD1,1
6283,RPUSD4,1
6284,RRAGB,1
6285,RRAGC,1
6286,RRBP1,1
6287,RRM1,1
6288,RRP7A,1
6289,RSL1D1,1
6290,RSPO4,1
6291,RSRC1,1
6292,RSRC2,1
6293,RTCA,1
6294,RTCB,1
6295,RTL5,1
6296,RTL6,1
6297,RTN2,1
6298,RTN4RL1,1
6299,RUBCN,1
6300,RUVBL1,1
6301,RXRB,1
6302,RYR2,1
6303,S100A3,1
6304,S1PR2,1
6305,SAMD12,1
6306,SAMD13,1
6307,SAMD4B,1
6308,SAMD5,1
6309,SAP18,1
6310,SAP30,1
6311,SASH1,1
6312,SBDS,1
6313,SBF1,1
6314,SBK1,1
6315,SBNO2,1
6316,SC5D,1
6317,SCAMP4,1
6318,SCAMP5,1
6319,SCCPDH,1
6320,SCEL,1
6321,SCML4,1
6322,SCN2B,1
6323,SCN3B,1
6324,SCP2,1
6325,SCRG1,1
6326,SCRIB,1
6327,SCRN3,1
6328,SCRT2,1
6329,SDC1,1
6330,SDC2,1
6331,SDC4,1
6332,SDF2,1
6333,SDHD,1
6334,SDK1,1
6335,SDK2,1
6336,SDR42E1,1
6337,SEC14L2,1
6338,SEC16A,1
6339,SEC16B,1
6340,SEC22A,1
6341,SEC22B,1
6342,SEC23B,1
6343,SEC23IP,1
6344,SEC31B,1
6345,SEC62,1
6346,SELENOH,1
6347,SEMA3E,1
6348,SEMA3G,1
6349,SEMA4A,1
6350,SEMA4C,1
6351,SEPT3,1
6352,SEPT6,1
6353,SERF1B,1
6354,SERINC4,1
6355,SERP1,1
6356,SERPINA3,1
6357,SERPINA5,1
6358,SERPINB11,1
6359,SERPINB12,1
6360,SERPINH1,1
6361,SERTAD3,1
6362,SETDB1,1
6363,SETDB2-PHF11,1
6364,SETMAR,1
6365,SETX,1
6366,SEZ6,1
6367,SF3B1,1
6368,SF3B3,1
6369,SFMBT2,1
6370,SFXN3,1
6371,SGMS1,1
6372,SGPP2,1
6373,SH2D1B,1
6374,SH3BP4,1
6375,SH3BP5L,1
6376,SH3GLB2,1
6377,SH3PXD2B,1
6378,SH3YL1,1
6379,SHANK1,1
6380,SHB,1
6381,SHC1,1
6382,SHCBP1,1
6383,SHE,1
6384,SHISA7,1
6385,SHISA9,1
6386,SHLD2,1
6387,SHPRH,1
6388,SHROOM2,1
6389,SIGLEC8,1
6390,SIM2,1
6391,SIN3B,1
6392,SIPA1L1,1
6393,SIRPB1,1
6394,SIRT5,1
6395,SIRT6,1
6396,SIVA1,1
6397,SIX3,1
6398,SIX5,1
6399,SKAP2,1
6400,SKP1,1
6401,SLBP,1
6402,SLC10A1,1
6403,SLC10A3,1
6404,SLC11A1,1
6405,SLC16A1,1
6406,SLC16A10,1
6407,SLC16A3,1
6408,SLC16A4,1
6409,SLC19A2,1
6410,SLC1A1,1
6411,SLC1A6,1
6412,SLC20A1,1
6413,SLC22A23,1
6414,SLC22A3,1
6415,SLC22A5,1
6416,SLC22A7,1
6417,SLC24A1,1
6418,SLC24A2,1
6419,SLC25A13,1
6420,SLC25A20,1
6421,SLC25A25,1
6422,SLC25A28,1
6423,SLC25A29,1
6424,SLC25A3,1
6425,SLC25A34,1
6426,SLC25A35,1
6427,SLC25A39,1
6428,SLC25A40,1
6429,SLC25A43,1
6430,SLC25A53,1
6431,SLC25A6,1
6432,SLC26A11,1
6433,SLC26A4,1
6434,SLC27A1,1
6435,SLC28A3,1
6436,SLC29A2,1
6437,SLC29A3,1
6438,SLC2A10,1
6439,SLC2A11,1
6440,SLC2A12,1
6441,SLC2A13,1
6442,SLC2A4RG,1
6443,SLC2A9,1
6444,SLC30A10,1
6445,SLC30A2,1
6446,SLC30A6,1
6447,SLC30A9,1
6448,SLC31A2,1
6449,SLC32A1,1
6450,SLC34A1,1
6451,SLC34A2,1
6452,SLC35A5,1
6453,SLC35B3,1
6454,SLC35D3,1
6455,SLC35E1,1
6456,SLC35E4,1
6457,SLC35F4,1
6458,SLC35F6,1
6459,SLC35G2,1
6460,SLC36A4,1
6461,SLC37A3,1
6462,SLC38A1,1
6463,SLC38A10,1
6464,SLC38A11,1
6465,SLC38A3,1
6466,SLC38A9,1
6467,SLC39A12,1
6468,SLC39A6,1
6469,SLC39A8,1
6470,SLC41A2,1
6471,SLC44A5,1
6472,SLC45A4,1
6473,SLC46A1,1
6474,SLC46A2,1
6475,SLC48A1,1
6476,SLC4A1,1
6477,SLC52A1,1
6478,SLC5A12,1
6479,SLC5A7,1
6480,SLC5A8,1
6481,SLC6A13,1
6482,SLC6A14,1
6483,SLC6A17,1
6484,SLC6A20,1
6485,SLC6A8,1
6486,SLC6A9,1
6487,SLC8A1,1
6488,SLC9A3R2,1
6489,SLC9A4,1
6490,SLC9A9,1
6491,SLC9C1,1
6492,SLCO2B1,1
6493,SLCO4A1,1
6494,SLCO5A1,1
6495,SLFN13,1
6496,SLIT3,1
6497,SLITRK5,1
6498,SLX4,1
6499,SLX4IP,1
6500,SMAD6,1
6501,SMAP2,1
6502,SMARCA1,1
6503,SMARCA4,1
6504,SMARCC2,1
6505,SMARCE1,1
6506,SMCO1,1
6507,SMIM10L1,1
6508,SMIM11A,1
6509,SMIM11B,1
6510,SMIM14,1
6511,SMIM17,1
6512,SMN1,1
6513,SMN2,1
6514,SMPD3,1
6515,SMS,1
6516,SMTNL2,1
6517,SMU1,1
6518,SNAPC1,1
6519,SNCA,1
6520,SNCAIP,1
6521,SNRNP27,1
6522,SNRNP48,1
6523,SNRPE,1
6524,SNRPG,1
6525,SNTA1,1
6526,SNTG1,1
6527,SNTN,1
6528,SNURF,1
6529,SNX12,1
6530,SNX17,1
6531,SNX20,1
6532,SNX24,1
6533,SNX3,1
6534,SNX30,1
6535,SNX4,1
6536,SNX5,1
6537,SNX9,1
6538,SOAT1,1
6539,SOCS7,1
6540,SOD2,1
6541,SORCS1,1
6542,SORD,1
6543,SOST,1
6544,SOSTDC1,1
6545,SOWAHC,1
6546,SOX21,1
6547,SP100,1
6548,SP6,1
6549,SPA17,1
6550,SPAG9,1
6551,SPARC,1
6552,SPARCL1,1
6553,SPATA13,1
6554,SPATA18,1
6555,SPATA9,1
6556,SPATS1,1
6557,SPATS2L,1
6558,SPDL1,1
6559,SPDYE1,1
6560,SPDYE3,1
6561,SPDYE5,1
6562,SPDYE6,1
6563,SPEF2,1
6564,SPG11,1
6565,SPIB,1
6566,SPIN1,1
6567,SPIN4,1
6568,SPINK5,1
6569,SPINT1,1
6570,SPNS1,1
6571,SPNS2,1
6572,SPOCK2,1
6573,SPON2,1
6574,SPPL2B,1
6575,SPRR2A,1
6576,SPRR2D,1
6577,SPRR2E,1
6578,SPTAN1,1
6579,SPTSSA,1
6580,SPZ1,1
6581,SRA1,1
6582,SRCIN1,1
6583,SREBF1,1
6584,SREK1IP1,1
6585,SRF,1
6586,SRP19,1
6587,SRSF3,1
6588,SSBP3,1
6589,SSC4D,1
6590,SSPN,1
6591,SSX2IP,1
6592,ST18,1
6593,ST3GAL1,1
6594,ST3GAL3,1
6595,ST3GAL5,1
6596,ST6GALNAC3,1
6597,ST6GALNAC5,1
6598,ST8SIA5,1
6599,STAG1,1
6600,STAM2,1
6601,STAMBP,1
6602,STAR,1
6603,STAT1,1
6604,STAT2,1
6605,STAT3,1
6606,STATH,1
6607,STAU2,1
6608,STIL,1
6609,STK25,1
6610,STK26,1
6611,STK3,1
6612,STK4,1
6613,STK40,1
6614,STMN1,1
6615,STMN2,1
6616,STMN4,1
6617,STN1,1
6618,STON1,1
6619,STRA6,1
6620,STRAP,1
6621,STRIP2,1
6622,STRN4,1
6623,STS,1
6624,STT3B,1
6625,STX11,1
6626,STX18,1
6627,STX3,1
6628,STXBP4,1
6629,STXBP5L,1
6630,STYX,1
6631,SUCLG2,1
6632,SUCNR1,1
6633,SUDS3,1
6634,SUFU,1
6635,SUGT1,1
6636,SULF2,1
6637,SULT4A1,1
6638,SULT6B1,1
6639,SUMF2,1
6640,SUPT7L,1
6641,SUSD5,1
6642,SUV39H1,1
6643,SV2A,1
6644,SVIL,1
6645,SVOP,1
6646,SYNC,1
6647,SYNGAP1,1
6648,SYNJ2,1
6649,SYNJ2BP-COX16,1
6650,SYNM,1
6651,SYPL2,1
6652,SYT11,1
6653,SYT14,1
6654,SYT5,1
6655,SYT9,1
6656,TAB1,1
6657,TAB2,1
6658,TAF11,1
6659,TAF5L,1
6660,TAF7,1
6661,TAF9B,1
6662,TAGLN3,1
6663,TAL1,1
6664,TANGO2,1
6665,TANK,1
6666,TAOK3,1
6667,TAP1,1
6668,TARDBP,1
6669,TARSL2,1
6670,TASOR,1
6671,TAX1BP1,1
6672,TBC1D24,1
6673,TBC1D30,1
6674,TBC1D4,1
6675,TBC1D9B,1
6676,TBCA,1
6677,TBK1,1
6678,TBL1X,1
6679,TBR1,1
6680,TBRG4,1
6681,TBX1,1
6682,TBX5,1
6683,TBXT,1
6684,TC2N,1
6685,TCAF2,1
6686,TCEA1,1
6687,TCEAL1,1
6688,TCEAL5,1
6689,TCERG1L,1
6690,TCF21,1
6691,TCF7L1,1
6692,TCFL5,1
6693,TCHHL1,1
6694,TCN2,1
6695,TCP11L1,1
6696,TDO2,1
6697,TDRKH,1
6698,TEF,1
6699,TEK,1
6700,TESK1,1
6701,TESPA1,1
6702,TEX13B,1
6703,TEX22,1
6704,TF,1
6705,TFAP2C,1
6706,TFAP2E,1
6707,TFAP4,1
6708,TFB1M,1
6709,TFEB,1
6710,TFG,1
6711,TFRC,1
6712,TGM2,1
6713,TGM3,1
6714,TGM5,1
6715,TGS1,1
6716,THAP1,1
6717,THAP12,1
6718,THAP2,1
6719,THBS1,1
6720,THOP1,1
6721,THSD7B,1
6722,TIAM2,1
6723,TICAM1,1
6724,TIFA,1
6725,TIGAR,1
6726,TIGD5,1
6727,TIMM8B,1
6728,TIMM9,1
6729,TIPARP,1
6730,TJAP1,1
6731,TKFC,1
6732,TLCD2,1
6733,TLK2,1
6734,TLR4,1
6735,TLR5,1
6736,TLR7,1
6737,TM2D2,1
6738,TMA16,1
6739,TMBIM1,1
6740,TMBIM6,1
6741,TMC8,1
6742,TMCC3,1
6743,TMCO6,1
6744,TMED10,1
6745,TMED2,1
6746,TMED5,1
6747,TMEFF2,1
6748,TMEM104,1
6749,TMEM105,1
6750,TMEM106B,1
6751,TMEM119,1
6752,TMEM121,1
6753,TMEM132A,1
6754,TMEM132B,1
6755,TMEM132D,1
6756,TMEM151A,1
6757,TMEM158,1
6758,TMEM167A,1
6759,TMEM168,1
6760,TMEM169,1
6761,TMEM170A,1
6762,TMEM183B,1
6763,TMEM184B,1
6764,TMEM192,1
6765,TMEM196,1
6766,TMEM206,1
6767,TMEM212,1
6768,TMEM215,1
6769,TMEM231,1
6770,TMEM235,1
6771,TMEM236,1
6772,TMEM239,1
6773,TMEM241,1
6774,TMEM242,1
6775,TMEM248,1
6776,TMEM254,1
6777,TMEM260,1
6778,TMEM263,1
6779,TMEM266,1
6780,TMEM273,1
6781,TMEM35A,1
6782,TMEM41B,1
6783,TMEM51,1
6784,TMEM63C,1
6785,TMEM94,1
6786,TMEM97,1
6787,TMLHE,1
6788,TMOD1,1
6789,TMPO,1
6790,TMTC1,1
6791,TMTC3,1
6792,TMTC4,1
6793,TMX2,1
6794,TMX4,1
6795,TNC,1
6796,TNF,1
6797,TNFAIP1,1
6798,TNFAIP2,1
6799,TNFAIP6,1
6800,TNFRSF10B,1
6801,TNFRSF12A,1
6802,TNFRSF13B,1
6803,TNFRSF1A,1
6804,TNFRSF9,1
6805,TNFSF10,1
6806,TNFSF11,1
6807,TNFSF15,1
6808,TNFSF8,1
6809,TNFSF9,1
6810,TNKS2,1
6811,TNN,1
6812,TNNI1,1
6813,TNPO2,1
6814,TNPO3,1
6815,TNS1,1
6816,TOB1,1
6817,TOLLIP,1
6818,TOMM6,1
6819,TOP1,1
6820,TOPORS,1
6821,TOR1B,1
6822,TOX,1
6823,TOX4,1
6824,TP53,1
6825,TP53AIP1,1
6826,TP53I11,1
6827,TPBGL,1
6828,TPD52,1
6829,TPD52L1,1
6830,TPK1,1
6831,TPM4,1
6832,TPP2,1
6833,TPRG1,1
6834,TPST1,1
6835,TRAF2,1
6836,TRAF4,1
6837,TRAF5,1
6838,TRAFD1,1
6839,TRAK1,1
6840,TRAPPC1,1
6841,TRAPPC11,1
6842,TRAPPC4,1
6843,TRAPPC8,1
6844,TRARG1,1
6845,TRDMT1,1
6846,TRHDE,1
6847,TRIAP1,1
6848,TRIB1,1
6849,TRIL,1
6850,TRIM24,1
6851,TRIM3,1
6852,TRIM32,1
6853,TRIM39,1
6854,TRIM4,1
6855,TRIM6,1
6856,TRIM60,1
6857,TRIM63,1
6858,TRIP13,1
6859,TRMT10C,1
6860,TRMT12,1
6861,TRMT5,1
6862,TRNAU1AP,1
6863,TRO,1
6864,TRPA1,1
6865,TRPC4,1
6866,TRPC4AP,1
6867,TRPM3,1
6868,TRPM8,1
6869,TRPV3,1
6870,TRUB1,1
6871,TSEN34,1
6872,TSHR,1
6873,TSNARE1,1
6874,TSNAX,1
6875,TSPAN1,1
6876,TSPAN18,1
6877,TSPAN3,1
6878,TSPAN33,1
6879,TSPAN6,1
6880,TSPAN7,1
6881,TSPY1,1
6882,TSPY10,1
6883,TSPY2,1
6884,TSPY3,1
6885,TSPY4,1
6886,TSPY8,1
6887,TSR1,1
6888,TSSK6,1
6889,TSTA3,1
6890,TTC17,1
6891,TTC26,1
6892,TTC30B,1
6893,TTC33,1
6894,TTC6,1
6895,TTK,1
6896,TTL,1
6897,TTN,1
6898,TTPA,1
6899,TUB,1
6900,TUBB2A,1
6901,TUBB2B,1
6902,TUBD1,1
6903,TUBGCP3,1
6904,TUSC3,1
6905,TWIST1,1
6906,TXK,1
6907,TXLNA,1
6908,TXLNB,1
6909,TXNDC11,1
6910,TXNDC5,1
6911,TYMSOS,1
6912,TYRO3,1
6913,TYSND1,1
6914,TYW5,1
6915,U2SURP,1
6916,UBA6,1
6917,UBAP2,1
6918,UBASH3B,1
6919,UBB,1
6920,UBE2C,1
6921,UBE2D1,1
6922,UBE2H,1
6923,UBE2J2,1
6924,UBE2L3,1
6925,UBE2Z,1
6926,UBIAD1,1
6927,UBL4B,1
6928,UBQLN2,1
6929,UBR1,1
6930,UBR2,1
6931,UBR5,1
6932,UBR7,1
6933,UBTF,1
6934,UBXN10,1
6935,UBXN7,1
6936,UCK2,1
6937,UCKL1,1
6938,UFM1,1
6939,UFSP2,1
6940,ULBP2,1
6941,ULBP3,1
6942,ULK1,1
6943,ULK4,1
6944,UMAD1,1
6945,UMPS,1
6946,UNC13B,1
6947,UNC13C,1
6948,UNC45A,1
6949,UNC5CL,1
6950,UNC79,1
6951,UPRT,1
6952,UQCC3,1
6953,UQCRB,1
6954,UQCRH,1
6955,URGCP,1
6956,URM1,1
6957,USB1,1
6958,USF1,1
6959,USF2,1
6960,USH2A,1
6961,USP2,1
6962,USP20,1
6963,USP24,1
6964,USP36,1
6965,USP4,1
6966,USP51,1
6967,USP53,1
6968,UTRN,1
6969,UTS2B,1
6970,UTY,1
6971,UVRAG,1
6972,VAMP3,1
6973,VANGL2,1
6974,VASH1,1
6975,VAV2,1
6976,VAV3,1
6977,VAX1,1
6978,VENTX,1
6979,VEZF1,1
6980,VGLL2,1
6981,VHL,1
6982,VMA21,1
6983,VN1R1,1
6984,VOPP1,1
6985,VPS13D,1
6986,VPS26C,1
6987,VPS29,1
6988,VPS36,1
6989,VPS37C,1
6990,VPS37D,1
6991,VPS53,1
6992,VSIG10,1
6993,VSTM2B,1
6994,VTI1A,1
6995,VWA1,1
6996,VWA3B,1
6997,WAC,1
6998,WASF1,1
6999,WASHC5,1
7000,WBP2,1
7001,WBP4,1
7002,WDCP,1
7003,WDHD1,1
7004,WDR17,1
7005,WDR45,1
7006,WDR45B,1
7007,WDR5B,1
7008,WDR72,1
7009,WDR81,1
7010,WDR92,1
7011,WDR93,1
7012,WFDC1,1
7013,WFDC3,1
7014,WIF1,1
7015,WIPF2,1
7016,WIPF3,1
7017,WNK4,1
7018,WNT1,1
7019,WNT16,1
7020,WNT2,1
7021,WNT3,1
7022,WNT9B,1
7023,WRN,1
7024,WSCD1,1
7025,WT1,1
7026,WWC2,1
7027,WWC3,1
7028,XG,1
7029,XK,1
7030,XPNPEP3,1
7031,XRCC5,1
7032,XYLB,1
7033,XYLT2,1
7034,YAE1,1
7035,YBX1,1
7036,YES1,1
7037,YIPF2,1
7038,YIPF5,1
7039,YKT6,1
7040,YLPM1,1
7041,YME1L1,1
7042,ZBED1,1
7043,ZBED4,1
7044,ZBED6CL,1
7045,ZBTB14,1
7046,ZBTB17,1
7047,ZBTB38,1
7048,ZBTB40,1
7049,ZBTB47,1
7050,ZBTB7B,1
7051,ZC2HC1C,1
7052,ZC3H10,1
7053,ZC3H7A,1
7054,ZC3HAV1L,1
7055,ZC4H2,1
7056,ZCCHC17,1
7057,ZCCHC7,1
7058,ZCRB1,1
7059,ZCWPW2,1
7060,ZDHHC1,1
7061,ZDHHC18,1
7062,ZDHHC2,1
7063,ZDHHC3,1
7064,ZDHHC6,1
7065,ZFAND4,1
7066,ZFAT,1
7067,ZFHX2,1
7068,ZFP1,1
7069,ZFP14,1
7070,ZFP28,1
7071,ZFP36L1,1
7072,ZFP41,1
7073,ZFP42,1
7074,ZFR,1
7075,ZFYVE21,1
7076,ZFYVE28,1
7077,ZHX3,1
7078,ZIC1,1
7079,ZIK1,1
7080,ZIM2,1
7081,ZKSCAN3,1
7082,ZKSCAN4,1
7083,ZMAT1,1
7084,ZNF100,1
7085,ZNF101,1
7086,ZNF133,1
7087,ZNF140,1
7088,ZNF143,1
7089,ZNF146,1
7090,ZNF17,1
7091,ZNF180,1
7092,ZNF189,1
7093,ZNF207,1
7094,ZNF214,1
7095,ZNF219,1
7096,ZNF229,1
7097,ZNF236,1
7098,ZNF248,1
7099,ZNF254,1
7100,ZNF268,1
7101,ZNF277,1
7102,ZNF28,1
7103,ZNF280C,1
7104,ZNF282,1
7105,ZNF286A,1
7106,ZNF286B,1
7107,ZNF302,1
7108,ZNF316,1
7109,ZNF318,1
7110,ZNF320,1
7111,ZNF331,1
7112,ZNF333,1
7113,ZNF334,1
7114,ZNF33A,1
7115,ZNF33B,1
7116,ZNF346,1
7117,ZNF354C,1
7118,ZNF395,1
7119,ZNF426,1
7120,ZNF430,1
7121,ZNF431,1
7122,ZNF438,1
7123,ZNF439,1
7124,ZNF443,1
7125,ZNF468,1
7126,ZNF471,1
7127,ZNF491,1
7128,ZNF492,1
7129,ZNF518B,1
7130,ZNF519,1
7131,ZNF529,1
7132,ZNF544,1
7133,ZNF547,1
7134,ZNF549,1
7135,ZNF555,1
7136,ZNF557,1
7137,ZNF559,1
7138,ZNF567,1
7139,ZNF569,1
7140,ZNF570,1
7141,ZNF578,1
7142,ZNF584,1
7143,ZNF585A,1
7144,ZNF587B,1
7145,ZNF592,1
7146,ZNF595,1
7147,ZNF600,1
7148,ZNF606,1
7149,ZNF611,1
7150,ZNF614,1
7151,ZNF615,1
7152,ZNF620,1
7153,ZNF638,1
7154,ZNF639,1
7155,ZNF680,1
7156,ZNF695,1
7157,ZNF696,1
7158,ZNF700,1
7159,ZNF703,1
7160,ZNF710,1
7161,ZNF714,1
7162,ZNF718,1
7163,ZNF728,1
7164,ZNF740,1
7165,ZNF749,1
7166,ZNF761,1
7167,ZNF763,1
7168,ZNF765,1
7169,ZNF768,1
7170,ZNF770,1
7171,ZNF776,1
7172,ZNF777,1
7173,ZNF780B,1
7174,ZNF781,1
7175,ZNF799,1
7176,ZNF8,1
7177,ZNF80,1
7178,ZNF808,1
7179,ZNF813,1
7180,ZNF830,1
7181,ZNF84,1
7182,ZNF853,1
7183,ZNF888,1
7184,ZNF891,1
7185,ZNF90,1
7186,ZNF91,1
7187,ZNF98,1
7188,ZNF99,1
7189,ZNFX1,1
7190,ZPR1,1
7191,ZRANB2,1
7192,ZRANB3,1
7193,ZSCAN22,1
7194,ZSCAN25,1
7195,ZSCAN29,1
7196,ZSCAN30,1
7197,ZSWIM7,1
7198,ZWINT,1
7199,ZXDB,1
7200,ZXDC,1
7201,ZYG11A,1
7202,ZZEF1,1
